# t, S,I, R, 
0,7000,3000,0,
0.1,6958,2982,59.82,
0.2,6917,2964,119.3,
0.3,6876,2945,178.4,
0.4,6836,2927,237.1,
0.5,6796,2908,295.4,
0.6,6757,2890,353.4,
0.7,6718,2871,411,
0.8,6680,2852,468.3,
0.9,6642,2833,525.1,
1,6605,2814,581.6,
1.1,6568,2795,637.7,
1.2,6531,2776,693.4,
1.3,6495,2756,748.7,
1.4,6459,2737,803.6,
1.5,6424,2717,858.2,
1.6,6390,2698,912.3,
1.7,6355,2679,966.1,
1.8,6322,2659,1019,
1.9,6288,2639,1072,
2,6255,2620,1125,
2.1,6223,2600,1177,
2.2,6190,2581,1229,
2.3,6159,2561,1280,
2.4,6127,2541,1331,
2.5,6096,2521,1382,
2.6,6066,2502,1432,
2.7,6036,2482,1482,
2.8,6006,2462,1532,
2.9,5977,2443,1581,
3,5948,2423,1629,
3.1,5919,2404,1678,
3.2,5891,2384,1725,
3.3,5863,2364,1773,
3.4,5835,2345,1820,
3.5,5808,2325,1867,
3.6,5781,2306,1913,
3.7,5755,2286,1959,
3.8,5729,2267,2004,
3.9,5703,2248,2049,
4,5677,2229,2094,
4.1,5652,2209,2138,
4.2,5628,2190,2182,
4.3,5603,2171,2226,
4.4,5579,2152,2269,
4.5,5555,2133,2312,
4.6,5532,2114,2354,
4.7,5508,2095,2396,
4.8,5485,2076,2438,
4.9,5463,2058,2479,
5,5441,2039,2520,
5.1,5419,2021,2561,
5.2,5397,2002,2601,
5.3,5375,1984,2641,
5.4,5354,1965,2680,
5.5,5333,1947,2720,
5.6,5313,1929,2758,
5.7,5292,1911,2797,
5.8,5272,1893,2835,
5.9,5252,1875,2872,
6,5233,1857,2910,
6.1,5213,1840,2947,
6.2,5194,1822,2983,
6.3,5176,1805,3020,
6.4,5157,1787,3056,
6.5,5139,1770,3091,
6.6,5121,1753,3127,
6.7,5103,1736,3161,
6.8,5085,1719,3196,
6.9,5068,1702,3230,
7,5050,1685,3264,
7.1,5034,1669,3298,
7.2,5017,1652,3331,
7.3,5000,1636,3364,
7.4,4984,1619,3397,
7.5,4968,1603,3429,
7.6,4952,1587,3461,
7.7,4936,1571,3492,
7.8,4921,1555,3524,
7.9,4906,1540,3555,
8,4891,1524,3585,
8.1,4876,1509,3616,
8.2,4861,1493,3646,
8.3,4847,1478,3675,
8.4,4832,1463,3705,
8.5,4818,1448,3734,
8.6,4804,1433,3763,
8.7,4791,1418,3791,
8.8,4777,1403,3820,
8.9,4764,1389,3848,
9,4751,1374,3875,
9.1,4738,1360,3903,
9.2,4725,1346,3930,
9.3,4712,1331,3956,
9.4,4700,1317,3983,
9.5,4687,1304,4009,
9.6,4675,1290,4035,
9.7,4663,1276,4061,
9.8,4651,1263,4086,
9.9,4640,1249,4111,
10,4628,1236,4136,
10.1,4617,1223,4161,
10.2,4606,1209,4185,
10.3,4595,1196,4209,
10.4,4584,1184,4233,
10.5,4573,1171,4256,
10.6,4562,1158,4280,
10.7,4552,1146,4303,
10.8,4541,1133,4326,
10.9,4531,1121,4348,
11,4521,1109,4370,
11.1,4511,1097,4393,
11.2,4501,1085,4414,
11.3,4491,1073,4436,
11.4,4482,1061,4457,
11.5,4472,1049,4478,
11.6,4463,1038,4499,
11.7,4454,1026,4520,
11.8,4444,1015,4541,
11.9,4435,1004,4561,
12,4427,992.7,4581,
12.1,4418,981.6,4601,
12.2,4409,970.7,4620,
12.3,4401,959.9,4639,
12.4,4392,949.2,4659,
12.5,4384,938.6,4677,
12.6,4376,928.1,4696,
12.7,4368,917.7,4715,
12.8,4360,907.4,4733,
12.9,4352,897.2,4751,
13,4344,887.1,4769,
13.1,4336,877.1,4786,
13.2,4329,867.2,4804,
13.3,4321,857.4,4821,
13.4,4314,847.7,4838,
13.5,4307,838.1,4855,
13.6,4300,828.6,4872,
13.7,4293,819.1,4888,
13.8,4286,809.8,4905,
13.9,4279,800.6,4921,
14,4272,791.4,4937,
14.1,4265,782.4,4952,
14.2,4259,773.5,4968,
14.3,4252,764.6,4983,
14.4,4246,755.8,4998,
14.5,4239,747.2,5013,
14.6,4233,738.6,5028,
14.7,4227,730.1,5043,
14.8,4221,721.7,5058,
14.9,4215,713.4,5072,
15,4209,705.1,5086,
15.1,4203,697,5100,
15.2,4197,688.9,5114,
15.3,4192,680.9,5128,
15.4,4186,673.1,5141,
15.5,4180,665.3,5154,
15.6,4175,657.5,5168,
15.7,4169,649.9,5181,
15.8,4164,642.3,5194,
15.9,4159,634.9,5206,
16,4154,627.5,5219,
16.1,4149,620.2,5231,
16.2,4143,612.9,5244,
16.3,4138,605.8,5256,
16.4,4134,598.7,5268,
16.5,4129,591.7,5280,
16.6,4124,584.8,5291,
16.7,4119,578,5303,
16.8,4114,571.2,5314,
16.9,4110,564.5,5326,
17,4105,557.9,5337,
17.1,4101,551.3,5348,
17.2,4096,544.9,5359,
17.3,4092,538.5,5370,
17.4,4087,532.1,5380,
17.5,4083,525.9,5391,
17.6,4079,519.7,5401,
17.7,4075,513.6,5412,
17.8,4071,507.5,5422,
17.9,4067,501.5,5432,
18,4063,495.6,5442,
18.1,4059,489.7,5452,
18.2,4055,484,5461,
18.3,4051,478.2,5471,
18.4,4047,472.6,5481,
18.5,4043,467,5490,
18.6,4039,461.5,5499,
18.7,4036,456,5508,
18.8,4032,450.6,5517,
18.9,4028,445.2,5526,
19,4025,439.9,5535,
19.1,4021,434.7,5544,
19.2,4018,429.5,5553,
19.3,4014,424.4,5561,
19.4,4011,419.3,5570,
19.5,4008,414.3,5578,
19.6,4004,409.4,5586,
19.7,4001,404.5,5595,
19.8,3998,399.7,5603,
19.9,3995,394.9,5611,
20,3991,390.2,5618,
20.1,3988,385.5,5626,
20.2,3985,380.9,5634,
20.3,3982,376.3,5641,
20.4,3979,371.8,5649,
20.5,3976,367.3,5656,
20.6,3973,362.9,5664,
20.7,3970,358.6,5671,
20.8,3968,354.2,5678,
20.9,3965,350,5685,
21,3962,345.8,5692,
21.1,3959,341.6,5699,
21.2,3957,337.5,5706,
21.3,3954,333.4,5713,
21.4,3951,329.4,5719,
21.5,3949,325.4,5726,
21.6,3946,321.5,5732,
21.7,3944,317.6,5739,
21.8,3941,313.8,5745,
21.9,3939,310,5751,
22,3936,306.3,5757,
22.1,3934,302.6,5763,
22.2,3932,298.9,5769,
22.3,3929,295.3,5775,
22.4,3927,291.8,5781,
22.5,3925,288.2,5787,
22.6,3922,284.7,5793,
22.7,3920,281.3,5798,
22.8,3918,277.9,5804,
22.9,3916,274.5,5810,
23,3914,271.2,5815,
23.1,3912,267.9,5820,
23.2,3910,264.7,5826,
23.3,3908,261.5,5831,
23.4,3906,258.3,5836,
23.5,3904,255.2,5841,
23.6,3902,252.1,5846,
23.7,3900,249.1,5851,
23.8,3898,246,5856,
23.9,3896,243.1,5861,
24,3894,240.1,5866,
24.1,3892,237.2,5871,
24.2,3890,234.3,5875,
24.3,3888,231.5,5880,
24.4,3887,228.7,5885,
24.5,3885,225.9,5889,
24.6,3883,223.2,5894,
24.7,3882,220.5,5898,
24.8,3880,217.8,5902,
24.9,3878,215.2,5907,
25,3877,212.6,5911,
25.1,3875,210,5915,
25.2,3873,207.4,5919,
25.3,3872,204.9,5923,
25.4,3870,202.4,5927,
25.5,3869,200,5931,
25.6,3867,197.5,5935,
25.7,3866,195.1,5939,
25.8,3864,192.8,5943,
25.9,3863,190.4,5947,
26,3861,188.1,5951,
26.1,3860,185.8,5954,
26.2,3858,183.5,5958,
26.3,3857,181.3,5962,
26.4,3856,179.1,5965,
26.5,3854,176.9,5969,
26.6,3853,174.7,5972,
26.7,3851,172.6,5976,
26.8,3850,170.5,5979,
26.9,3849,168.4,5983,
27,3848,166.3,5986,
27.1,3846,164.3,5989,
27.2,3845,162.3,5993,
27.3,3844,160.3,5996,
27.4,3843,158.3,5999,
27.5,3841,156.4,6002,
27.6,3840,154.5,6005,
27.7,3839,152.6,6008,
27.8,3838,150.7,6012,
27.9,3837,148.8,6015,
28,3835,147,6018,
28.1,3834,145.2,6020,
28.2,3833,143.4,6023,
28.3,3832,141.7,6026,
28.4,3831,139.9,6029,
28.5,3830,138.2,6032,
28.6,3829,136.5,6035,
28.7,3828,134.8,6037,
28.8,3827,133.2,6040,
28.9,3826,131.5,6043,
29,3825,129.9,6045,
29.1,3824,128.3,6048,
29.2,3823,126.7,6050,
29.3,3822,125.2,6053,
29.4,3821,123.6,6055,
29.5,3820,122.1,6058,
29.6,3819,120.6,6060,
29.7,3818,119.1,6063,
29.8,3817,117.6,6065,
29.9,3816,116.2,6067,
30,3815,114.8,6070,
30.1,3815,113.4,6072,
30.2,3814,112,6074,
30.3,3813,110.6,6077,
30.4,3812,109.2,6079,
30.5,3811,107.9,6081,
30.6,3810,106.5,6083,
30.7,3810,105.2,6085,
30.8,3809,103.9,6087,
30.9,3808,102.7,6089,
31,3807,101.4,6091,
31.1,3807,100.2,6093,
31.2,3806,98.93,6095,
31.3,3805,97.71,6097,
31.4,3804,96.51,6099,
31.5,3804,95.33,6101,
31.6,3803,94.15,6103,
31.7,3802,93,6105,
31.8,3801,91.86,6107,
31.9,3801,90.73,6109,
32,3800,89.62,6110,
32.1,3799,88.52,6112,
32.2,3799,87.43,6114,
32.3,3798,86.36,6116,
32.4,3797,85.3,6117,
32.5,3797,84.25,6119,
32.6,3796,83.22,6121,
32.7,3796,82.2,6122,
32.8,3795,81.19,6124,
32.9,3794,80.2,6125,
33,3794,79.21,6127,
33.1,3793,78.24,6129,
33.2,3793,77.28,6130,
33.3,3792,76.33,6132,
33.4,3791,75.4,6133,
33.5,3791,74.47,6135,
33.6,3790,73.56,6136,
33.7,3790,72.65,6138,
33.8,3789,71.76,6139,
33.9,3789,70.88,6140,
34,3788,70.01,6142,
34.1,3788,69.14,6143,
34.2,3787,68.29,6145,
34.3,3787,67.45,6146,
34.4,3786,66.62,6147,
34.5,3786,65.8,6149,
34.6,3785,64.99,6150,
34.7,3785,64.18,6151,
34.8,3784,63.39,6153,
34.9,3784,62.6,6154,
35,3783,61.83,6155,
35.1,3783,61.06,6156,
35.2,3782,60.31,6157,
35.3,3782,59.56,6159,
35.4,3781,58.82,6160,
35.5,3781,58.09,6161,
35.6,3780,57.37,6162,
35.7,3780,56.66,6163,
35.8,3780,55.96,6164,
35.9,3779,55.27,6166,
36,3779,54.58,6167,
36.1,3778,53.9,6168,
36.2,3778,53.24,6169,
36.3,3777,52.57,6170,
36.4,3777,51.92,6171,
36.5,3777,51.28,6172,
36.6,3776,50.64,6173,
36.7,3776,50.01,6174,
36.8,3776,49.39,6175,
36.9,3775,48.78,6176,
37,3775,48.17,6177,
37.1,3774,47.58,6178,
37.2,3774,46.99,6179,
37.3,3774,46.4,6180,
37.4,3773,45.83,6181,
37.5,3773,45.26,6182,
37.6,3773,44.7,6183,
37.7,3772,44.14,6183,
37.8,3772,43.6,6184,
37.9,3772,43.05,6185,
38,3771,42.52,6186,
38.1,3771,41.99,6187,
38.2,3771,41.47,6188,
38.3,3770,40.96,6189,
38.4,3770,40.45,6189,
38.5,3770,39.95,6190,
38.6,3770,39.46,6191,
38.7,3769,38.97,6192,
38.8,3769,38.49,6193,
38.9,3769,38.01,6193,
39,3768,37.54,6194,
39.1,3768,37.08,6195,
39.2,3768,36.62,6196,
39.3,3768,36.17,6196,
39.4,3767,35.72,6197,
39.5,3767,35.28,6198,
39.6,3767,34.84,6198,
39.7,3766,34.41,6199,
39.8,3766,33.99,6200,
39.9,3766,33.57,6200,
40,3766,33.16,6201,
40.1,3765,32.75,6202,
40.2,3765,32.34,6202,
40.3,3765,31.95,6203,
40.4,3765,31.55,6204,
40.5,3765,31.16,6204,
40.6,3764,30.78,6205,
40.7,3764,30.4,6206,
40.8,3764,30.03,6206,
40.9,3764,29.66,6207,
41,3763,29.29,6207,
41.1,3763,28.93,6208,
41.2,3763,28.57,6208,
41.3,3763,28.22,6209,
41.4,3763,27.87,6210,
41.5,3762,27.53,6210,
41.6,3762,27.19,6211,
41.7,3762,26.85,6211,
41.8,3762,26.52,6212,
41.9,3762,26.2,6212,
42,3761,25.87,6213,
42.1,3761,25.55,6213,
42.2,3761,25.24,6214,
42.3,3761,24.92,6214,
42.4,3761,24.62,6215,
42.5,3760,24.31,6215,
42.6,3760,24.01,6216,
42.7,3760,23.71,6216,
42.8,3760,23.42,6217,
42.9,3760,23.13,6217,
43,3760,22.84,6218,
43.1,3759,22.55,6218,
43.2,3759,22.27,6219,
43.3,3759,22,6219,
43.4,3759,21.72,6219,
43.5,3759,21.45,6220,
43.6,3759,21.19,6220,
43.7,3758,20.92,6221,
43.8,3758,20.66,6221,
43.9,3758,20.41,6222,
44,3758,20.15,6222,
44.1,3758,19.9,6222,
44.2,3758,19.65,6223,
44.3,3757,19.41,6223,
44.4,3757,19.17,6224,
44.5,3757,18.93,6224,
44.6,3757,18.69,6224,
44.7,3757,18.46,6225,
44.8,3757,18.23,6225,
44.9,3757,18,6225,
45,3756,17.78,6226,
45.1,3756,17.56,6226,
45.2,3756,17.34,6226,
45.3,3756,17.12,6227,
45.4,3756,16.91,6227,
45.5,3756,16.7,6227,
45.6,3756,16.49,6228,
45.7,3756,16.29,6228,
45.8,3755,16.09,6228,
45.9,3755,15.89,6229,
46,3755,15.69,6229,
46.1,3755,15.49,6229,
46.2,3755,15.3,6230,
46.3,3755,15.11,6230,
46.4,3755,14.92,6230,
46.5,3755,14.74,6231,
46.6,3755,14.56,6231,
46.7,3754,14.38,6231,
46.8,3754,14.2,6231,
46.9,3754,14.02,6232,
47,3754,13.85,6232,
47.1,3754,13.68,6232,
47.2,3754,13.51,6233,
47.3,3754,13.34,6233,
47.4,3754,13.17,6233,
47.5,3754,13.01,6233,
47.6,3754,12.85,6234,
47.7,3753,12.69,6234,
47.8,3753,12.54,6234,
47.9,3753,12.38,6234,
48,3753,12.23,6235,
48.1,3753,12.08,6235,
48.2,3753,11.93,6235,
48.3,3753,11.78,6235,
48.4,3753,11.63,6236,
48.5,3753,11.49,6236,
48.6,3753,11.35,6236,
48.7,3753,11.21,6236,
48.8,3752,11.07,6236,
48.9,3752,10.93,6237,
49,3752,10.8,6237,
49.1,3752,10.67,6237,
49.2,3752,10.53,6237,
49.3,3752,10.4,6238,
49.4,3752,10.28,6238,
49.5,3752,10.15,6238,
49.6,3752,10.02,6238,
49.7,3752,9.9,6238,
49.8,3752,9.777,6239,
49.9,3752,9.656,6239,
50,3752,9.537,6239,
50.1,3751,9.419,6239,
50.2,3751,9.302,6239,
50.3,3751,9.186,6240,
50.4,3751,9.072,6240,
50.5,3751,8.959,6240,
50.6,3751,8.848,6240,
50.7,3751,8.738,6240,
50.8,3751,8.629,6240,
50.9,3751,8.522,6241,
51,3751,8.416,6241,
51.1,3751,8.311,6241,
51.2,3751,8.208,6241,
51.3,3751,8.106,6241,
51.4,3751,8.005,6241,
51.5,3751,7.905,6242,
51.6,3750,7.806,6242,
51.7,3750,7.709,6242,
51.8,3750,7.613,6242,
51.9,3750,7.518,6242,
52,3750,7.424,6242,
52.1,3750,7.332,6242,
52.2,3750,7.241,6243,
52.3,3750,7.15,6243,
52.4,3750,7.061,6243,
52.5,3750,6.973,6243,
52.6,3750,6.886,6243,
52.7,3750,6.801,6243,
52.8,3750,6.716,6243,
52.9,3750,6.632,6244,
53,3750,6.55,6244,
53.1,3750,6.468,6244,
53.2,3750,6.387,6244,
53.3,3750,6.308,6244,
53.4,3750,6.229,6244,
53.5,3749,6.152,6244,
53.6,3749,6.075,6244,
53.7,3749,6,6245,
53.8,3749,5.925,6245,
53.9,3749,5.852,6245,
54,3749,5.779,6245,
54.1,3749,5.707,6245,
54.2,3749,5.636,6245,
54.3,3749,5.566,6245,
54.4,3749,5.497,6245,
54.5,3749,5.429,6246,
54.6,3749,5.362,6246,
54.7,3749,5.295,6246,
54.8,3749,5.229,6246,
54.9,3749,5.165,6246,
55,3749,5.101,6246,
55.1,3749,5.037,6246,
55.2,3749,4.975,6246,
55.3,3749,4.914,6246,
55.4,3749,4.853,6246,
55.5,3749,4.793,6247,
55.6,3749,4.733,6247,
55.7,3749,4.675,6247,
55.8,3749,4.617,6247,
55.9,3749,4.56,6247,
56,3748,4.504,6247,
56.1,3748,4.448,6247,
56.2,3748,4.393,6247,
56.3,3748,4.339,6247,
56.4,3748,4.285,6247,
56.5,3748,4.232,6247,
56.6,3748,4.18,6248,
56.7,3748,4.129,6248,
56.8,3748,4.078,6248,
56.9,3748,4.027,6248,
57,3748,3.977,6248,
57.1,3748,3.928,6248,
57.2,3748,3.88,6248,
57.3,3748,3.832,6248,
57.4,3748,3.784,6248,
57.5,3748,3.738,6248,
57.6,3748,3.691,6248,
57.7,3748,3.646,6248,
57.8,3748,3.601,6248,
57.9,3748,3.556,6249,
58,3748,3.512,6249,
58.1,3748,3.468,6249,
58.2,3748,3.425,6249,
58.3,3748,3.382,6249,
58.4,3748,3.34,6249,
58.5,3748,3.299,6249,
58.6,3748,3.258,6249,
58.7,3748,3.217,6249,
58.8,3748,3.177,6249,
58.9,3748,3.138,6249,
59,3748,3.099,6249,
59.1,3748,3.06,6249,
59.2,3748,3.022,6249,
59.3,3748,2.984,6249,
59.4,3748,2.947,6249,
59.5,3748,2.91,6250,
59.6,3748,2.874,6250,
59.7,3748,2.838,6250,
59.8,3747,2.803,6250,
59.9,3747,2.768,6250,
60,3747,2.733,6250,
60.1,3747,2.699,6250,
60.2,3747,2.666,6250,
60.3,3747,2.632,6250,
60.4,3747,2.599,6250,
60.5,3747,2.567,6250,
60.6,3747,2.535,6250,
60.7,3747,2.503,6250,
60.8,3747,2.472,6250,
60.9,3747,2.441,6250,
61,3747,2.411,6250,
61.1,3747,2.381,6250,
61.2,3747,2.351,6250,
61.3,3747,2.322,6250,
61.4,3747,2.293,6251,
61.5,3747,2.265,6251,
61.6,3747,2.237,6251,
61.7,3747,2.209,6251,
61.8,3747,2.181,6251,
61.9,3747,2.154,6251,
62,3747,2.127,6251,
62.1,3747,2.101,6251,
62.2,3747,2.075,6251,
62.3,3747,2.049,6251,
62.4,3747,2.024,6251,
62.5,3747,1.999,6251,
62.6,3747,1.974,6251,
62.7,3747,1.949,6251,
62.8,3747,1.925,6251,
62.9,3747,1.901,6251,
63,3747,1.878,6251,
63.1,3747,1.855,6251,
63.2,3747,1.832,6251,
63.3,3747,1.809,6251,
63.4,3747,1.787,6251,
63.5,3747,1.764,6251,
63.6,3747,1.743,6251,
63.7,3747,1.721,6251,
63.8,3747,1.7,6251,
63.9,3747,1.679,6252,
64,3747,1.658,6252,
64.1,3747,1.638,6252,
64.2,3747,1.617,6252,
64.3,3747,1.597,6252,
64.4,3747,1.578,6252,
64.5,3747,1.558,6252,
64.6,3747,1.539,6252,
64.7,3747,1.52,6252,
64.8,3747,1.501,6252,
64.9,3747,1.483,6252,
65,3747,1.464,6252,
65.1,3747,1.446,6252,
65.2,3747,1.428,6252,
65.3,3747,1.411,6252,
65.4,3747,1.393,6252,
65.5,3747,1.376,6252,
65.6,3747,1.359,6252,
65.7,3747,1.342,6252,
65.8,3747,1.325,6252,
65.9,3747,1.309,6252,
66,3747,1.293,6252,
66.1,3747,1.277,6252,
66.2,3747,1.261,6252,
66.3,3747,1.245,6252,
66.4,3747,1.229,6252,
66.5,3747,1.214,6252,
66.6,3747,1.199,6252,
66.7,3747,1.184,6252,
66.8,3747,1.169,6252,
66.9,3746,1.155,6252,
67,3746,1.14,6252,
67.1,3746,1.126,6252,
67.2,3746,1.112,6252,
67.3,3746,1.098,6252,
67.4,3746,1.085,6252,
67.5,3746,1.071,6252,
67.6,3746,1.058,6253,
67.7,3746,1.045,6253,
67.8,3746,1.032,6253,
67.9,3746,1.019,6253,
68,3746,1.006,6253,
68.1,3746,0.9934,6253,
68.2,3746,0.981,6253,
68.3,3746,0.9688,6253,
68.4,3746,0.9567,6253,
68.5,3746,0.9448,6253,
68.6,3746,0.933,6253,
68.7,3746,0.9214,6253,
68.8,3746,0.9099,6253,
68.9,3746,0.8986,6253,
69,3746,0.8874,6253,
69.1,3746,0.8763,6253,
69.2,3746,0.8654,6253,
69.3,3746,0.8547,6253,
69.4,3746,0.844,6253,
69.5,3746,0.8335,6253,
69.6,3746,0.8232,6253,
69.7,3746,0.8129,6253,
69.8,3746,0.8028,6253,
69.9,3746,0.7929,6253,
70,3746,0.783,6253,
70.1,3746,0.7733,6253,
70.2,3746,0.7637,6253,
70.3,3746,0.7542,6253,
70.4,3746,0.7449,6253,
70.5,3746,0.7356,6253,
70.6,3746,0.7265,6253,
70.7,3746,0.7175,6253,
70.8,3746,0.7086,6253,
70.9,3746,0.6999,6253,
71,3746,0.6912,6253,
71.1,3746,0.6826,6253,
71.2,3746,0.6742,6253,
71.3,3746,0.6659,6253,
71.4,3746,0.6576,6253,
71.5,3746,0.6495,6253,
71.6,3746,0.6415,6253,
71.7,3746,0.6335,6253,
71.8,3746,0.6257,6253,
71.9,3746,0.618,6253,
72,3746,0.6104,6253,
72.1,3746,0.6028,6253,
72.2,3746,0.5954,6253,
72.3,3746,0.588,6253,
72.4,3746,0.5807,6253,
72.5,3746,0.5736,6253,
72.6,3746,0.5665,6253,
72.7,3746,0.5595,6253,
72.8,3746,0.5526,6253,
72.9,3746,0.5457,6253,
73,3746,0.539,6253,
73.1,3746,0.5323,6253,
73.2,3746,0.5257,6253,
73.3,3746,0.5192,6253,
73.4,3746,0.5128,6253,
73.5,3746,0.5064,6253,
73.6,3746,0.5001,6253,
73.7,3746,0.4939,6253,
73.8,3746,0.4878,6253,
73.9,3746,0.4817,6253,
74,3746,0.4757,6253,
74.1,3746,0.4698,6253,
74.2,3746,0.464,6253,
74.3,3746,0.4582,6253,
74.4,3746,0.4525,6253,
74.5,3746,0.4468,6253,
74.6,3746,0.4413,6253,
74.7,3746,0.4358,6254,
74.8,3746,0.4303,6254,
74.9,3746,0.425,6254,
75,3746,0.4197,6254,
75.1,3746,0.4144,6254,
75.2,3746,0.4093,6254,
75.3,3746,0.4042,6254,
75.4,3746,0.3991,6254,
75.5,3746,0.3942,6254,
75.6,3746,0.3892,6254,
75.7,3746,0.3844,6254,
75.8,3746,0.3796,6254,
75.9,3746,0.3749,6254,
76,3746,0.3702,6254,
76.1,3746,0.3656,6254,
76.2,3746,0.361,6254,
76.3,3746,0.3565,6254,
76.4,3746,0.3521,6254,
76.5,3746,0.3477,6254,
76.6,3746,0.3434,6254,
76.7,3746,0.3391,6254,
76.8,3746,0.3349,6254,
76.9,3746,0.3307,6254,
77,3746,0.3266,6254,
77.1,3746,0.3225,6254,
77.2,3746,0.3185,6254,
77.3,3746,0.3145,6254,
77.4,3746,0.3106,6254,
77.5,3746,0.3068,6254,
77.6,3746,0.3029,6254,
77.7,3746,0.2992,6254,
77.8,3746,0.2955,6254,
77.9,3746,0.2918,6254,
78,3746,0.2882,6254,
78.1,3746,0.2846,6254,
78.2,3746,0.2811,6254,
78.3,3746,0.2776,6254,
78.4,3746,0.2742,6254,
78.5,3746,0.2708,6254,
78.6,3746,0.2674,6254,
78.7,3746,0.2641,6254,
78.8,3746,0.2608,6254,
78.9,3746,0.2576,6254,
79,3746,0.2544,6254,
79.1,3746,0.2513,6254,
79.2,3746,0.2482,6254,
79.3,3746,0.2451,6254,
79.4,3746,0.2421,6254,
79.5,3746,0.2391,6254,
79.6,3746,0.2361,6254,
79.7,3746,0.2332,6254,
79.8,3746,0.2303,6254,
79.9,3746,0.2275,6254,
80,3746,0.2247,6254,
80.1,3746,0.2219,6254,
80.2,3746,0.2191,6254,
80.3,3746,0.2164,6254,
80.4,3746,0.2138,6254,
80.5,3746,0.2111,6254,
80.6,3746,0.2085,6254,
80.7,3746,0.2059,6254,
80.8,3746,0.2034,6254,
80.9,3746,0.2009,6254,
81,3746,0.1984,6254,
81.1,3746,0.1959,6254,
81.2,3746,0.1935,6254,
81.3,3746,0.1911,6254,
81.4,3746,0.1887,6254,
81.5,3746,0.1864,6254,
81.6,3746,0.1841,6254,
81.7,3746,0.1818,6254,
81.8,3746,0.1795,6254,
81.9,3746,0.1773,6254,
82,3746,0.1751,6254,
82.1,3746,0.1729,6254,
82.2,3746,0.1707,6254,
82.3,3746,0.1686,6254,
82.4,3746,0.1665,6254,
82.5,3746,0.1644,6254,
82.6,3746,0.1624,6254,
82.7,3746,0.1604,6254,
82.8,3746,0.1584,6254,
82.9,3746,0.1564,6254,
83,3746,0.1544,6254,
83.1,3746,0.1525,6254,
83.2,3746,0.1506,6254,
83.3,3746,0.1487,6254,
83.4,3746,0.1469,6254,
83.5,3746,0.145,6254,
83.6,3746,0.1432,6254,
83.7,3746,0.1414,6254,
83.8,3746,0.1397,6254,
83.9,3746,0.1379,6254,
84,3746,0.1362,6254,
84.1,3746,0.1345,6254,
84.2,3746,0.1328,6254,
84.3,3746,0.1312,6254,
84.4,3746,0.1296,6254,
84.5,3746,0.1279,6254,
84.6,3746,0.1264,6254,
84.7,3746,0.1248,6254,
84.8,3746,0.1232,6254,
84.9,3746,0.1217,6254,
85,3746,0.1202,6254,
85.1,3746,0.1187,6254,
85.2,3746,0.1172,6254,
85.3,3746,0.1158,6254,
85.4,3746,0.1143,6254,
85.5,3746,0.1129,6254,
85.6,3746,0.1115,6254,
85.7,3746,0.1101,6254,
85.8,3746,0.1087,6254,
85.9,3746,0.1074,6254,
86,3746,0.1061,6254,
86.1,3746,0.1047,6254,
86.2,3746,0.1034,6254,
86.3,3746,0.1022,6254,
86.4,3746,0.1009,6254,
86.5,3746,0.09965,6254,
86.6,3746,0.09842,6254,
86.7,3746,0.0972,6254,
86.8,3746,0.096,6254,
86.9,3746,0.09481,6254,
87,3746,0.09364,6254,
87.1,3746,0.09248,6254,
87.2,3746,0.09134,6254,
87.3,3746,0.09021,6254,
87.4,3746,0.08909,6254,
87.5,3746,0.08799,6254,
87.6,3746,0.08691,6254,
87.7,3746,0.08583,6254,
87.8,3746,0.08477,6254,
87.9,3746,0.08373,6254,
88,3746,0.08269,6254,
88.1,3746,0.08167,6254,
88.2,3746,0.08066,6254,
88.3,3746,0.07966,6254,
88.4,3746,0.07868,6254,
88.5,3746,0.07771,6254,
88.6,3746,0.07674,6254,
88.7,3746,0.07579,6254,
88.8,3746,0.07486,6254,
88.9,3746,0.07393,6254,
89,3746,0.07301,6254,
89.1,3746,0.07211,6254,
89.2,3746,0.07121,6254,
89.3,3746,0.07033,6254,
89.4,3746,0.06945,6254,
89.5,3746,0.06859,6254,
89.6,3746,0.06774,6254,
89.7,3746,0.06689,6254,
89.8,3746,0.06606,6254,
89.9,3746,0.06524,6254,
90,3746,0.06442,6254,
90.1,3746,0.06362,6254,
90.2,3746,0.06283,6254,
90.3,3746,0.06205,6254,
90.4,3746,0.06127,6254,
90.5,3746,0.06051,6254,
90.6,3746,0.05975,6254,
90.7,3746,0.05901,6254,
90.8,3746,0.05827,6254,
90.9,3746,0.05755,6254,
91,3746,0.05683,6254,
91.1,3746,0.05612,6254,
91.2,3746,0.05542,6254,
91.3,3746,0.05473,6254,
91.4,3746,0.05405,6254,
91.5,3746,0.05337,6254,
91.6,3746,0.05271,6254,
91.7,3746,0.05205,6254,
91.8,3746,0.0514,6254,
91.9,3746,0.05076,6254,
92,3746,0.05013,6254,
92.1,3746,0.0495,6254,
92.2,3746,0.04889,6254,
92.3,3746,0.04828,6254,
92.4,3746,0.04768,6254,
92.5,3746,0.04708,6254,
92.6,3746,0.0465,6254,
92.7,3746,0.04592,6254,
92.8,3746,0.04535,6254,
92.9,3746,0.04478,6254,
93,3746,0.04423,6254,
93.1,3746,0.04368,6254,
93.2,3746,0.04313,6254,
93.3,3746,0.0426,6254,
93.4,3746,0.04207,6254,
93.5,3746,0.04155,6254,
93.6,3746,0.04103,6254,
93.7,3746,0.04052,6254,
93.8,3746,0.04002,6254,
93.9,3746,0.03952,6254,
94,3746,0.03903,6254,
94.1,3746,0.03855,6254,
94.2,3746,0.03807,6254,
94.3,3746,0.0376,6254,
94.4,3746,0.03714,6254,
94.5,3746,0.03668,6254,
94.6,3746,0.03622,6254,
94.7,3746,0.03578,6254,
94.8,3746,0.03533,6254,
94.9,3746,0.0349,6254,
95,3746,0.03446,6254,
95.1,3746,0.03404,6254,
95.2,3746,0.03362,6254,
95.3,3746,0.0332,6254,
95.4,3746,0.03279,6254,
95.5,3746,0.03239,6254,
95.6,3746,0.03199,6254,
95.7,3746,0.03159,6254,
95.8,3746,0.0312,6254,
95.9,3746,0.03082,6254,
96,3746,0.03044,6254,
96.1,3746,0.03006,6254,
96.2,3746,0.02969,6254,
96.3,3746,0.02932,6254,
96.4,3746,0.02896,6254,
96.5,3746,0.0286,6254,
96.6,3746,0.02825,6254,
96.7,3746,0.0279,6254,
96.8,3746,0.02755,6254,
96.9,3746,0.02721,6254,
97,3746,0.02687,6254,
97.1,3746,0.02654,6254,
97.2,3746,0.02621,6254,
97.3,3746,0.02588,6254,
97.4,3746,0.02556,6254,
97.5,3746,0.02524,6254,
97.6,3746,0.02493,6254,
97.7,3746,0.02462,6254,
97.8,3746,0.02431,6254,
97.9,3746,0.02401,6254,
98,3746,0.02371,6254,
98.1,3746,0.02341,6254,
98.2,3746,0.02312,6254,
98.3,3746,0.02283,6254,
98.4,3746,0.02255,6254,
98.5,3746,0.02227,6254,
98.6,3746,0.02199,6254,
98.7,3746,0.02171,6254,
98.8,3746,0.02144,6254,
98.9,3746,0.02118,6254,
99,3746,0.02091,6254,
99.1,3746,0.02065,6254,
99.2,3746,0.02039,6254,
99.3,3746,0.02014,6254,
99.4,3746,0.01989,6254,
99.5,3746,0.01964,6254,
99.6,3746,0.0194,6254,
99.7,3746,0.01915,6254,
99.8,3746,0.01891,6254,
99.9,3746,0.01868,6254,
100,3746,0.01845,6254,
100.1,3746,0.01822,6254,
100.2,3746,0.01799,6254,
100.3,3746,0.01777,6254,
100.4,3746,0.01754,6254,
100.5,3746,0.01733,6254,
100.6,3746,0.01711,6254,
100.7,3746,0.0169,6254,
100.8,3746,0.01669,6254,
100.9,3746,0.01648,6254,
101,3746,0.01628,6254,
101.1,3746,0.01607,6254,
101.2,3746,0.01587,6254,
101.3,3746,0.01568,6254,
101.4,3746,0.01548,6254,
101.5,3746,0.01529,6254,
101.6,3746,0.0151,6254,
101.7,3746,0.01491,6254,
101.8,3746,0.01473,6254,
101.9,3746,0.01455,6254,
102,3746,0.01437,6254,
102.1,3746,0.01419,6254,
102.2,3746,0.01401,6254,
102.3,3746,0.01384,6254,
102.4,3746,0.01367,6254,
102.5,3746,0.0135,6254,
102.6,3746,0.01333,6254,
102.7,3746,0.01317,6254,
102.8,3746,0.013,6254,
102.9,3746,0.01284,6254,
103,3746,0.01269,6254,
103.1,3746,0.01253,6254,
103.2,3746,0.01237,6254,
103.3,3746,0.01222,6254,
103.4,3746,0.01207,6254,
103.5,3746,0.01192,6254,
103.6,3746,0.01177,6254,
103.7,3746,0.01163,6254,
103.8,3746,0.01148,6254,
103.9,3746,0.01134,6254,
104,3746,0.0112,6254,
104.1,3746,0.01106,6254,
104.2,3746,0.01093,6254,
104.3,3746,0.01079,6254,
104.4,3746,0.01066,6254,
104.5,3746,0.01053,6254,
104.6,3746,0.0104,6254,
104.7,3746,0.01027,6254,
104.8,3746,0.01014,6254,
104.9,3746,0.01001,6254,
105,3746,0.009889,6254,
105.1,3746,0.009766,6254,
105.2,3746,0.009644,6254,
105.3,3746,0.009524,6254,
105.4,3746,0.009406,6254,
105.5,3746,0.009289,6254,
105.6,3746,0.009173,6254,
105.7,3746,0.009059,6254,
105.8,3746,0.008946,6254,
105.9,3746,0.008834,6254,
106,3746,0.008724,6254,
106.1,3746,0.008615,6254,
106.2,3746,0.008508,6254,
106.3,3746,0.008402,6254,
106.4,3746,0.008297,6254,
106.5,3746,0.008194,6254,
106.6,3746,0.008091,6254,
106.7,3746,0.00799,6254,
106.8,3746,0.007891,6254,
106.9,3746,0.007792,6254,
107,3746,0.007695,6254,
107.1,3746,0.007599,6254,
107.2,3746,0.007504,6254,
107.3,3746,0.007411,6254,
107.4,3746,0.007318,6254,
107.5,3746,0.007227,6254,
107.6,3746,0.007137,6254,
107.7,3746,0.007048,6254,
107.8,3746,0.00696,6254,
107.9,3746,0.006874,6254,
108,3746,0.006788,6254,
108.1,3746,0.006704,6254,
108.2,3746,0.00662,6254,
108.3,3746,0.006538,6254,
108.4,3746,0.006456,6254,
108.5,3746,0.006376,6254,
108.6,3746,0.006297,6254,
108.7,3746,0.006219,6254,
108.8,3746,0.006141,6254,
108.9,3746,0.006065,6254,
109,3746,0.00599,6254,
109.1,3746,0.005915,6254,
109.2,3746,0.005842,6254,
109.3,3746,0.005769,6254,
109.4,3746,0.005698,6254,
109.5,3746,0.005627,6254,
109.6,3746,0.005558,6254,
109.7,3746,0.005489,6254,
109.8,3746,0.005421,6254,
109.9,3746,0.005354,6254,
110,3746,0.005287,6254,
110.1,3746,0.005222,6254,
110.2,3746,0.005157,6254,
110.3,3746,0.005094,6254,
110.4,3746,0.005031,6254,
110.5,3746,0.004968,6254,
110.6,3746,0.004907,6254,
110.7,3746,0.004846,6254,
110.8,3746,0.004786,6254,
110.9,3746,0.004727,6254,
111,3746,0.004669,6254,
111.1,3746,0.004611,6254,
111.2,3746,0.004554,6254,
111.3,3746,0.004498,6254,
111.4,3746,0.004443,6254,
111.5,3746,0.004388,6254,
111.6,3746,0.004333,6254,
111.7,3746,0.00428,6254,
111.8,3746,0.004227,6254,
111.9,3746,0.004175,6254,
112,3746,0.004123,6254,
112.1,3746,0.004072,6254,
112.2,3746,0.004022,6254,
112.3,3746,0.003972,6254,
112.4,3746,0.003923,6254,
112.5,3746,0.003874,6254,
112.6,3746,0.003826,6254,
112.7,3746,0.003779,6254,
112.8,3746,0.003732,6254,
112.9,3746,0.003685,6254,
113,3746,0.003639,6254,
113.1,3746,0.003594,6254,
113.2,3746,0.003549,6254,
113.3,3746,0.003505,6254,
113.4,3746,0.003461,6254,
113.5,3746,0.003418,6254,
113.6,3746,0.003376,6254,
113.7,3746,0.003334,6254,
113.8,3746,0.003292,6254,
113.9,3746,0.003251,6254,
114,3746,0.00321,6254,
114.1,3746,0.00317,6254,
114.2,3746,0.003131,6254,
114.3,3746,0.003092,6254,
114.4,3746,0.003053,6254,
114.5,3746,0.003015,6254,
114.6,3746,0.002978,6254,
114.7,3746,0.00294,6254,
114.8,3746,0.002904,6254,
114.9,3746,0.002868,6254,
115,3746,0.002832,6254,
115.1,3746,0.002796,6254,
115.2,3746,0.002762,6254,
115.3,3746,0.002727,6254,
115.4,3746,0.002693,6254,
115.5,3746,0.00266,6254,
115.6,3746,0.002626,6254,
115.7,3746,0.002594,6254,
115.8,3746,0.002561,6254,
115.9,3746,0.002529,6254,
116,3746,0.002498,6254,
116.1,3746,0.002467,6254,
116.2,3746,0.002436,6254,
116.3,3746,0.002406,6254,
116.4,3746,0.002376,6254,
116.5,3746,0.002346,6254,
116.6,3746,0.002317,6254,
116.7,3746,0.002288,6254,
116.8,3746,0.00226,6254,
116.9,3746,0.002232,6254,
117,3746,0.002204,6254,
117.1,3746,0.002177,6254,
117.2,3746,0.00215,6254,
117.3,3746,0.002123,6254,
117.4,3746,0.002097,6254,
117.5,3746,0.002071,6254,
117.6,3746,0.002045,6254,
117.7,3746,0.00202,6254,
117.8,3746,0.001995,6254,
117.9,3746,0.00197,6254,
118,3746,0.001946,6254,
118.1,3746,0.001922,6254,
118.2,3746,0.001898,6254,
118.3,3746,0.001875,6254,
118.4,3746,0.001851,6254,
118.5,3746,0.001829,6254,
118.6,3746,0.001806,6254,
118.7,3746,0.001784,6254,
118.8,3746,0.001762,6254,
118.9,3746,0.00174,6254,
119,3746,0.001718,6254,
119.1,3746,0.001697,6254,
119.2,3746,0.001676,6254,
119.3,3746,0.001656,6254,
119.4,3746,0.001635,6254,
119.5,3746,0.001615,6254,
119.6,3746,0.001595,6254,
119.7,3746,0.001575,6254,
119.8,3746,0.001556,6254,
119.9,3746,0.001537,6254,
120,3746,0.001518,6254,
120.1,3746,0.001499,6254,
120.2,3746,0.00148,6254,
120.3,3746,0.001462,6254,
120.4,3746,0.001444,6254,
120.5,3746,0.001426,6254,
120.6,3746,0.001408,6254,
120.7,3746,0.001391,6254,
120.8,3746,0.001373,6254,
120.9,3746,0.001356,6254,
121,3746,0.001339,6254,
121.1,3746,0.001323,6254,
121.2,3746,0.001306,6254,
121.3,3746,0.00129,6254,
121.4,3746,0.001274,6254,
121.5,3746,0.001258,6254,
121.6,3746,0.001242,6254,
121.7,3746,0.001227,6254,
121.8,3746,0.001212,6254,
121.9,3746,0.001197,6254,
122,3746,0.001182,6254,
122.1,3746,0.001167,6254,
122.2,3746,0.001152,6254,
122.3,3746,0.001138,6254,
122.4,3746,0.001124,6254,
122.5,3746,0.00111,6254,
122.6,3746,0.001096,6254,
122.7,3746,0.001082,6254,
122.8,3746,0.001069,6254,
122.9,3746,0.001055,6254,
123,3746,0.001042,6254,
123.1,3746,0.001029,6254,
123.2,3746,0.001016,6254,
123.3,3746,0.001004,6254,
123.4,3746,0.0009911,6254,
123.5,3746,0.0009787,6254,
123.6,3746,0.0009665,6254,
123.7,3746,0.0009545,6254,
123.8,3746,0.0009426,6254,
123.9,3746,0.0009308,6254,
124,3746,0.0009192,6254,
124.1,3746,0.0009078,6254,
124.2,3746,0.0008965,6254,
124.3,3746,0.0008853,6254,
124.4,3746,0.0008743,6254,
124.5,3746,0.0008634,6254,
124.6,3746,0.0008527,6254,
124.7,3746,0.0008421,6254,
124.8,3746,0.0008317,6254,
124.9,3746,0.0008213,6254,
125,3746,0.0008111,6254,
125.1,3746,0.0008011,6254,
125.2,3746,0.0007911,6254,
125.3,3746,0.0007813,6254,
125.4,3746,0.0007716,6254,
125.5,3746,0.0007621,6254,
125.6,3746,0.0007526,6254,
125.7,3746,0.0007433,6254,
125.8,3746,0.0007341,6254,
125.9,3746,0.000725,6254,
126,3746,0.0007161,6254,
126.1,3746,0.0007072,6254,
126.2,3746,0.0006985,6254,
126.3,3746,0.0006899,6254,
126.4,3746,0.0006813,6254,
126.5,3746,0.0006729,6254,
126.6,3746,0.0006646,6254,
126.7,3746,0.0006564,6254,
126.8,3746,0.0006483,6254,
126.9,3746,0.0006403,6254,
127,3746,0.0006324,6254,
127.1,3746,0.0006246,6254,
127.2,3746,0.0006169,6254,
127.3,3746,0.0006093,6254,
127.4,3746,0.0006018,6254,
127.5,3746,0.0005944,6254,
127.6,3746,0.0005871,6254,
127.7,3746,0.0005798,6254,
127.8,3746,0.0005727,6254,
127.9,3746,0.0005656,6254,
128,3746,0.0005586,6254,
128.1,3746,0.0005517,6254,
128.2,3746,0.0005449,6254,
128.3,3746,0.0005382,6254,
128.4,3746,0.0005315,6254,
128.5,3746,0.0005249,6254,
128.6,3746,0.0005184,6254,
128.7,3746,0.000512,6254,
128.8,3746,0.0005056,6254,
128.9,3746,0.0004994,6254,
129,3746,0.0004932,6254,
129.1,3746,0.000487,6254,
129.2,3746,0.000481,6254,
129.3,3746,0.000475,6254,
129.4,3746,0.000469,6254,
129.5,3746,0.0004632,6254,
129.6,3746,0.0004574,6254,
129.7,3746,0.0004517,6254,
129.8,3746,0.0004461,6254,
129.9,3746,0.0004405,6254,
130,3746,0.000435,6254,
130.1,3746,0.0004296,6254,
130.2,3746,0.0004242,6254,
130.3,3746,0.0004189,6254,
130.4,3746,0.0004137,6254,
130.5,3746,0.0004085,6254,
130.6,3746,0.0004034,6254,
130.7,3746,0.0003984,6254,
130.8,3746,0.0003934,6254,
130.9,3746,0.0003885,6254,
131,3746,0.0003836,6254,
131.1,3746,0.0003788,6254,
131.2,3746,0.0003741,6254,
131.3,3746,0.0003694,6254,
131.4,3746,0.0003648,6254,
131.5,3746,0.0003602,6254,
131.6,3746,0.0003557,6254,
131.7,3746,0.0003513,6254,
131.8,3746,0.0003469,6254,
131.9,3746,0.0003426,6254,
132,3746,0.0003383,6254,
132.1,3746,0.0003341,6254,
132.2,3746,0.0003299,6254,
132.3,3746,0.0003258,6254,
132.4,3746,0.0003217,6254,
132.5,3746,0.0003177,6254,
132.6,3746,0.0003138,6254,
132.7,3746,0.0003099,6254,
132.8,3746,0.000306,6254,
132.9,3746,0.0003022,6254,
133,3746,0.0002984,6254,
133.1,3746,0.0002947,6254,
133.2,3746,0.0002911,6254,
133.3,3746,0.0002875,6254,
133.4,3746,0.0002839,6254,
133.5,3746,0.0002804,6254,
133.6,3746,0.0002769,6254,
133.7,3746,0.0002735,6254,
133.8,3746,0.0002701,6254,
133.9,3746,0.0002667,6254,
134,3746,0.0002634,6254,
134.1,3746,0.0002602,6254,
134.2,3746,0.000257,6254,
134.3,3746,0.0002538,6254,
134.4,3746,0.0002507,6254,
134.5,3746,0.0002476,6254,
134.6,3746,0.0002445,6254,
134.7,3746,0.0002415,6254,
134.8,3746,0.0002385,6254,
134.9,3746,0.0002356,6254,
135,3746,0.0002327,6254,
135.1,3746,0.0002298,6254,
135.2,3746,0.000227,6254,
135.3,3746,0.0002242,6254,
135.4,3746,0.0002214,6254,
135.5,3746,0.0002187,6254,
135.6,3746,0.000216,6254,
135.7,3746,0.0002134,6254,
135.8,3746,0.0002108,6254,
135.9,3746,0.0002082,6254,
136,3746,0.0002056,6254,
136.1,3746,0.0002031,6254,
136.2,3746,0.0002006,6254,
136.3,3746,0.0001981,6254,
136.4,3746,0.0001957,6254,
136.5,3746,0.0001933,6254,
136.6,3746,0.0001909,6254,
136.7,3746,0.0001886,6254,
136.8,3746,0.0001862,6254,
136.9,3746,0.0001839,6254,
137,3746,0.0001817,6254,
137.1,3746,0.0001794,6254,
137.2,3746,0.0001772,6254,
137.3,3746,0.000175,6254,
137.4,3746,0.0001728,6254,
137.5,3746,0.0001707,6254,
137.6,3746,0.0001686,6254,
137.7,3746,0.0001665,6254,
137.8,3746,0.0001644,6254,
137.9,3746,0.0001623,6254,
138,3746,0.0001603,6254,
138.1,3746,0.0001583,6254,
138.2,3746,0.0001563,6254,
138.3,3746,0.0001544,6254,
138.4,3746,0.0001525,6254,
138.5,3746,0.0001505,6254,
138.6,3746,0.0001487,6254,
138.7,3746,0.0001468,6254,
138.8,3746,0.000145,6254,
138.9,3746,0.0001431,6254,
139,3746,0.0001414,6254,
139.1,3746,0.0001396,6254,
139.2,3746,0.0001378,6254,
139.3,3746,0.0001361,6254,
139.4,3746,0.0001344,6254,
139.5,3746,0.0001327,6254,
139.6,3746,0.000131,6254,
139.7,3746,0.0001294,6254,
139.8,3746,0.0001278,6254,
139.9,3746,0.0001262,6254,
140,3746,0.0001246,6254,
140.1,3746,0.000123,6254,
140.2,3746,0.0001215,6254,
140.3,3746,0.00012,6254,
140.4,3746,0.0001184,6254,
140.5,3746,0.000117,6254,
140.6,3746,0.0001155,6254,
140.7,3746,0.000114,6254,
140.8,3746,0.0001126,6254,
140.9,3746,0.0001112,6254,
141,3746,0.0001098,6254,
141.1,3746,0.0001084,6254,
141.2,3746,0.0001071,6254,
141.3,3746,0.0001057,6254,
141.4,3746,0.0001044,6254,
141.5,3746,0.0001031,6254,
141.6,3746,0.0001018,6254,
141.7,3746,0.0001006,6254,
141.8,3746,0.00009931,6254,
141.9,3746,0.00009807,6254,
142,3746,0.00009685,6254,
142.1,3746,0.00009565,6254,
142.2,3746,0.00009446,6254,
142.3,3746,0.00009328,6254,
142.4,3746,0.00009213,6254,
142.5,3746,0.00009098,6254,
142.6,3746,0.00008986,6254,
142.7,3746,0.00008874,6254,
142.8,3746,0.00008765,6254,
142.9,3746,0.00008656,6254,
143,3746,0.0000855,6254,
143.1,3746,0.00008444,6254,
143.2,3746,0.0000834,6254,
143.3,3746,0.00008237,6254,
143.4,3746,0.00008136,6254,
143.5,3746,0.00008036,6254,
143.6,3746,0.00007937,6254,
143.7,3746,0.0000784,6254,
143.8,3746,0.00007744,6254,
143.9,3746,0.00007649,6254,
144,3746,0.00007555,6254,
144.1,3746,0.00007463,6254,
144.2,3746,0.00007372,6254,
144.3,3746,0.00007282,6254,
144.4,3746,0.00007193,6254,
144.5,3746,0.00007105,6254,
144.6,3746,0.00007019,6254,
144.7,3746,0.00006933,6254,
144.8,3746,0.00006849,6254,
144.9,3746,0.00006765,6254,
145,3746,0.00006683,6254,
145.1,3746,0.00006602,6254,
145.2,3746,0.00006522,6254,
145.3,3746,0.00006442,6254,
145.4,3746,0.00006364,6254,
145.5,3746,0.00006287,6254,
145.6,3746,0.0000621,6254,
145.7,3746,0.00006135,6254,
145.8,3746,0.0000606,6254,
145.9,3746,0.00005986,6254,
146,3746,0.00005913,6254,
146.1,3746,0.00005841,6254,
146.2,3746,0.0000577,6254,
146.3,3746,0.000057,6254,
146.4,3746,0.0000563,6254,
146.5,3746,0.00005561,6254,
146.6,3746,0.00005493,6254,
146.7,3746,0.00005425,6254,
146.8,3746,0.00005359,6254,
146.9,3746,0.00005292,6254,
147,3746,0.00005227,6254,
147.1,3746,0.00005162,6254,
147.2,3746,0.00005098,6254,
147.3,3746,0.00005034,6254,
147.4,3746,0.00004972,6254,
147.5,3746,0.0000491,6254,
147.6,3746,0.00004848,6254,
147.7,3746,0.00004787,6254,
147.8,3746,0.00004727,6254,
147.9,3746,0.00004668,6254,
148,3746,0.00004609,6254,
148.1,3746,0.00004551,6254,
148.2,3746,0.00004494,6254,
148.3,3746,0.00004437,6254,
148.4,3746,0.00004381,6254,
148.5,3746,0.00004326,6254,
148.6,3746,0.00004271,6254,
148.7,3746,0.00004217,6254,
148.8,3746,0.00004164,6254,
148.9,3746,0.00004111,6254,
149,3746,0.00004059,6254,
149.1,3746,0.00004008,6254,
149.2,3746,0.00003957,6254,
149.3,3746,0.00003907,6254,
149.4,3746,0.00003857,6254,
149.5,3746,0.00003808,6254,
149.6,3746,0.0000376,6254,
149.7,3746,0.00003712,6254,
149.8,3746,0.00003665,6254,
149.9,3746,0.00003618,6254,
150,3746,0.00003572,6254,
150.1,3746,0.00003527,6254,
150.2,3746,0.00003482,6254,
150.3,3746,0.00003437,6254,
150.4,3746,0.00003394,6254,
150.5,3746,0.00003351,6254,
150.6,3746,0.00003308,6254,
150.7,3746,0.00003266,6254,
150.8,3746,0.00003225,6254,
150.9,3746,0.00003184,6254,
151,3746,0.00003143,6254,
151.1,3746,0.00003104,6254,
151.2,3746,0.00003064,6254,
151.3,3746,0.00003026,6254,
151.4,3746,0.00002987,6254,
151.5,3746,0.0000295,6254,
151.6,3746,0.00002912,6254,
151.7,3746,0.00002876,6254,
151.8,3746,0.0000284,6254,
151.9,3746,0.00002804,6254,
152,3746,0.00002769,6254,
152.1,3746,0.00002734,6254,
152.2,3746,0.000027,6254,
152.3,3746,0.00002666,6254,
152.4,3746,0.00002633,6254,
152.5,3746,0.000026,6254,
152.6,3746,0.00002568,6254,
152.7,3746,0.00002536,6254,
152.8,3746,0.00002504,6254,
152.9,3746,0.00002473,6254,
153,3746,0.00002443,6254,
153.1,3746,0.00002413,6254,
153.2,3746,0.00002383,6254,
153.3,3746,0.00002354,6254,
153.4,3746,0.00002325,6254,
153.5,3746,0.00002296,6254,
153.6,3746,0.00002268,6254,
153.7,3746,0.00002241,6254,
153.8,3746,0.00002213,6254,
153.9,3746,0.00002186,6254,
154,3746,0.0000216,6254,
154.1,3746,0.00002134,6254,
154.2,3746,0.00002108,6254,
154.3,3746,0.00002083,6254,
154.4,3746,0.00002058,6254,
154.5,3746,0.00002033,6254,
154.6,3746,0.00002009,6254,
154.7,3746,0.00001985,6254,
154.8,3746,0.00001961,6254,
154.9,3746,0.00001938,6254,
155,3746,0.00001915,6254,
155.1,3746,0.00001892,6254,
155.2,3746,0.0000187,6254,
155.3,3746,0.00001847,6254,
155.4,3746,0.00001826,6254,
155.5,3746,0.00001804,6254,
155.6,3746,0.00001783,6254,
155.7,3746,0.00001762,6254,
155.8,3746,0.00001741,6254,
155.9,3746,0.00001721,6254,
156,3746,0.00001701,6254,
156.1,3746,0.00001681,6254,
156.2,3746,0.00001661,6254,
156.3,3746,0.00001642,6254,
156.4,3746,0.00001623,6254,
156.5,3746,0.00001604,6254,
156.6,3746,0.00001585,6254,
156.7,3746,0.00001566,6254,
156.8,3746,0.00001548,6254,
156.9,3746,0.0000153,6254,
157,3746,0.00001512,6254,
157.1,3746,0.00001494,6254,
157.2,3746,0.00001477,6254,
157.3,3746,0.00001459,6254,
157.4,3746,0.00001442,6254,
157.5,3746,0.00001425,6254,
157.6,3746,0.00001408,6254,
157.7,3746,0.00001391,6254,
157.8,3746,0.00001374,6254,
157.9,3746,0.00001358,6254,
158,3746,0.00001341,6254,
158.1,3746,0.00001325,6254,
158.2,3746,0.00001309,6254,
158.3,3746,0.00001293,6254,
158.4,3746,0.00001277,6254,
158.5,3746,0.00001261,6254,
158.6,3746,0.00001245,6254,
158.7,3746,0.00001229,6254,
158.8,3746,0.00001214,6254,
158.9,3746,0.00001199,6254,
159,3746,0.00001184,6254,
159.1,3746,0.00001169,6254,
159.2,3746,0.00001154,6254,
159.3,3746,0.00001139,6254,
159.4,3746,0.00001124,6254,
159.5,3746,0.0000111,6254,
159.6,3746,0.00001096,6254,
159.7,3746,0.00001082,6254,
159.8,3746,0.00001068,6254,
159.9,3746,0.00001054,6254,
160,3746,0.0000104,6254,
160.1,3746,0.00001027,6254,
160.2,3746,0.00001013,6254,
160.3,3746,0.000009999,6254,
160.4,3746,0.000009868,6254,
160.5,3746,0.000009738,6254,
160.6,3746,0.00000961,6254,
160.7,3746,0.000009484,6254,
160.8,3746,0.000009359,6254,
160.9,3746,0.000009235,6254,
161,3746,0.000009113,6254,
161.1,3746,0.000008993,6254,
161.2,3746,0.000008873,6254,
161.3,3746,0.000008756,6254,
161.4,3746,0.000008639,6254,
161.5,3746,0.000008525,6254,
161.6,3746,0.000008411,6254,
161.7,3746,0.000008299,6254,
161.8,3746,0.000008189,6254,
161.9,3746,0.00000808,6254,
162,3746,0.000007972,6254,
162.1,3746,0.000007866,6254,
162.2,3746,0.000007761,6254,
162.3,3746,0.000007657,6254,
162.4,3746,0.000007555,6254,
162.5,3746,0.000007455,6254,
162.6,3746,0.000007355,6254,
162.7,3746,0.000007258,6254,
162.8,3746,0.000007161,6254,
162.9,3746,0.000007066,6254,
163,3746,0.000006972,6254,
163.1,3746,0.00000688,6254,
163.2,3746,0.000006789,6254,
163.3,3746,0.000006699,6254,
163.4,3746,0.000006611,6254,
163.5,3746,0.000006524,6254,
163.6,3746,0.000006438,6254,
163.7,3746,0.000006354,6254,
163.8,3746,0.00000627,6254,
163.9,3746,0.000006189,6254,
164,3746,0.000006108,6254,
164.1,3746,0.000006029,6254,
164.2,3746,0.000005951,6254,
164.3,3746,0.000005874,6254,
164.4,3746,0.000005798,6254,
164.5,3746,0.000005724,6254,
164.6,3746,0.000005651,6254,
164.7,3746,0.000005579,6254,
164.8,3746,0.000005508,6254,
164.9,3746,0.000005438,6254,
165,3746,0.00000537,6254,
165.1,3746,0.000005303,6254,
165.2,3746,0.000005237,6254,
165.3,3746,0.000005172,6254,
165.4,3746,0.000005108,6254,
165.5,3746,0.000005045,6254,
165.6,3746,0.000004983,6254,
165.7,3746,0.000004923,6254,
165.8,3746,0.000004863,6254,
165.9,3746,0.000004805,6254,
166,3746,0.000004747,6254,
166.1,3746,0.000004691,6254,
166.2,3746,0.000004636,6254,
166.3,3746,0.000004581,6254,
166.4,3746,0.000004528,6254,
166.5,3746,0.000004475,6254,
166.6,3746,0.000004424,6254,
166.7,3746,0.000004373,6254,
166.8,3746,0.000004324,6254,
166.9,3746,0.000004275,6254,
167,3746,0.000004227,6254,
167.1,3746,0.00000418,6254,
167.2,3746,0.000004134,6254,
167.3,3746,0.000004088,6254,
167.4,3746,0.000004044,6254,
167.5,3746,0.000004,6254,
167.6,3746,0.000003957,6254,
167.7,3746,0.000003915,6254,
167.8,3746,0.000003874,6254,
167.9,3746,0.000003833,6254,
168,3746,0.000003793,6254,
168.1,3746,0.000003753,6254,
168.2,3746,0.000003715,6254,
168.3,3746,0.000003677,6254,
168.4,3746,0.000003639,6254,
168.5,3746,0.000003602,6254,
168.6,3746,0.000003566,6254,
168.7,3746,0.000003531,6254,
168.8,3746,0.000003496,6254,
168.9,3746,0.000003461,6254,
169,3746,0.000003427,6254,
169.1,3746,0.000003393,6254,
169.2,3746,0.00000336,6254,
169.3,3746,0.000003327,6254,
169.4,3746,0.000003295,6254,
169.5,3746,0.000003263,6254,
169.6,3746,0.000003232,6254,
169.7,3746,0.000003201,6254,
169.8,3746,0.00000317,6254,
169.9,3746,0.000003139,6254,
170,3746,0.000003109,6254,
170.1,3746,0.000003079,6254,
170.2,3746,0.000003049,6254,
170.3,3746,0.00000302,6254,
170.4,3746,0.00000299,6254,
170.5,3746,0.000002961,6254,
170.6,3746,0.000002932,6254,
170.7,3746,0.000002903,6254,
170.8,3746,0.000002874,6254,
170.9,3746,0.000002845,6254,
171,3746,0.000002817,6254,
171.1,3746,0.000002788,6254,
171.2,3746,0.000002759,6254,
171.3,3746,0.00000273,6254,
171.4,3746,0.000002701,6254,
171.5,3746,0.000002672,6254,
171.6,3746,0.000002643,6254,
171.7,3746,0.000002614,6254,
171.8,3746,0.000002584,6254,
171.9,3746,0.000002555,6254,
172,3746,0.000002525,6254,
172.1,3746,0.000002495,6254,
172.2,3746,0.000002464,6254,
172.3,3746,0.000002433,6254,
172.4,3746,0.000002403,6254,
172.5,3746,0.000002373,6254,
172.6,3746,0.000002344,6254,
172.7,3746,0.000002315,6254,
172.8,3746,0.000002286,6254,
172.9,3746,0.000002258,6254,
173,3746,0.000002229,6254,
173.1,3746,0.000002202,6254,
173.2,3746,0.000002174,6254,
173.3,3746,0.000002147,6254,
173.4,3746,0.000002121,6254,
173.5,3746,0.000002094,6254,
173.6,3746,0.000002068,6254,
173.7,3746,0.000002043,6254,
173.8,3746,0.000002017,6254,
173.9,3746,0.000001992,6254,
174,3746,0.000001967,6254,
174.1,3746,0.000001943,6254,
174.2,3746,0.000001919,6254,
174.3,3746,0.000001895,6254,
174.4,3746,0.000001871,6254,
174.5,3746,0.000001848,6254,
174.6,3746,0.000001825,6254,
174.7,3746,0.000001802,6254,
174.8,3746,0.00000178,6254,
174.9,3746,0.000001758,6254,
