# t, S,I, R
0,9000,1000,0
0.1,8982,1015,3.023
0.2,8964,1030,6.091
0.3,8945,1046,9.205
0.4,8926,1062,12.37
0.5,8907,1077,15.57
0.6,8888,1093,18.83
0.7,8868,1110,22.14
0.8,8848,1126,25.49
0.9,8828,1143,28.89
1,8808,1160,32.34
1.1,8787,1177,35.85
1.2,8767,1194,39.4
1.3,8746,1211,43.01
1.4,8724,1229,46.67
1.5,8703,1247,50.39
1.6,8681,1265,54.15
1.7,8659,1283,57.98
1.8,8636,1302,61.85
1.9,8614,1320,65.79
2,8591,1339,69.78
2.1,8568,1358,73.82
2.2,8544,1378,77.93
2.3,8521,1397,82.09
2.4,8497,1417,86.31
2.5,8473,1437,90.59
2.6,8448,1457,94.93
2.7,8423,1477,99.34
2.8,8398,1498,103.8
2.9,8373,1519,108.3
3,8347,1540,112.9
3.1,8322,1561,117.6
3.2,8295,1582,122.3
3.3,8269,1604,127.1
3.4,8242,1626,131.9
3.5,8215,1648,136.8
3.6,8188,1670,141.8
3.7,8161,1692,146.8
3.8,8133,1715,151.9
3.9,8105,1738,157.1
4,8077,1761,162.4
4.1,8048,1784,167.7
4.2,8019,1808,173.1
4.3,7990,1831,178.5
4.4,7961,1855,184.1
4.5,7931,1879,189.7
4.6,7901,1904,195.3
4.7,7871,1928,201.1
4.8,7840,1953,206.9
4.9,7810,1978,212.8
5,7779,2003,218.8
5.1,7747,2028,224.8
5.2,7716,2053,230.9
5.3,7684,2079,237.1
5.4,7652,2105,243.4
5.5,7619,2131,249.8
5.6,7587,2157,256.2
5.7,7554,2183,262.7
5.8,7521,2210,269.3
5.9,7487,2237,275.9
6,7453,2264,282.7
6.1,7420,2291,289.5
6.2,7385,2318,296.4
6.3,7351,2346,303.4
6.4,7316,2373,310.5
6.5,7281,2401,317.6
6.6,7246,2429,324.9
6.7,7211,2457,332.2
6.8,7175,2485,339.6
6.9,7139,2514,347.1
7,7103,2542,354.6
7.1,7067,2571,362.3
7.2,7030,2600,370
7.3,6994,2629,377.9
7.4,6957,2658,385.8
7.5,6920,2687,393.8
7.6,6882,2716,401.9
7.7,6845,2745,410.1
7.8,6807,2775,418.3
7.9,6769,2804,426.7
8,6731,2834,435.2
8.1,6693,2863,443.7
8.2,6654,2893,452.3
8.3,6616,2923,461
8.4,6577,2953,469.8
8.5,6538,2983,478.7
8.6,6499,3013,487.7
8.7,6460,3043,496.8
8.8,6421,3073,506
8.9,6381,3104,515.2
9,6342,3134,524.6
9.1,6302,3164,534
9.2,6262,3194,543.6
9.3,6222,3225,553.2
9.4,6182,3255,562.9
9.5,6142,3286,572.7
9.6,6101,3316,582.6
9.7,6061,3346,592.6
9.8,6021,3377,602.7
9.9,5980,3407,612.9
10,5939,3438,623.2
10.1,5898,3468,633.5
10.2,5858,3498,644
10.3,5817,3529,654.5
10.4,5776,3559,665.1
10.5,5735,3589,675.9
10.6,5694,3620,686.7
10.7,5652,3650,697.6
10.8,5611,3680,708.6
10.9,5570,3710,719.7
11,5529,3740,730.9
11.1,5487,3770,742.2
11.2,5446,3800,753.5
11.3,5405,3830,765
11.4,5363,3860,776.5
11.5,5322,3890,788.2
11.6,5281,3919,799.9
11.7,5239,3949,811.7
11.8,5198,3978,823.6
11.9,5157,4008,835.6
12,5115,4037,847.7
12.1,5074,4066,859.8
12.2,5033,4095,872.1
12.3,4991,4124,884.4
12.4,4950,4153,896.8
12.5,4909,4182,909.4
12.6,4868,4210,922
12.7,4827,4238,934.6
12.8,4786,4267,947.4
12.9,4745,4295,960.3
13,4704,4323,973.2
13.1,4663,4350,986.2
13.2,4623,4378,999.3
13.3,4582,4405,1012
13.4,4542,4432,1026
13.5,4501,4459,1039
13.6,4461,4486,1053
13.7,4421,4513,1066
13.8,4381,4539,1080
13.9,4341,4565,1093
14,4301,4591,1107
14.1,4262,4617,1121
14.2,4222,4643,1135
14.3,4183,4668,1149
14.4,4144,4693,1163
14.5,4105,4718,1177
14.6,4066,4743,1191
14.7,4028,4767,1205
14.8,3989,4791,1220
14.9,3951,4815,1234
15,3913,4838,1249
15.1,3875,4862,1263
15.2,3838,4884,1278
15.3,3800,4907,1292
15.4,3763,4930,1307
15.5,3726,4952,1322
15.6,3690,4974,1337
15.7,3653,4995,1352
15.8,3617,5016,1367
15.9,3581,5037,1382
16,3545,5058,1397
16.1,3509,5078,1412
16.2,3474,5099,1428
16.3,3439,5118,1443
16.4,3404,5138,1458
16.5,3369,5157,1474
16.6,3334,5176,1489
16.7,3300,5195,1505
16.8,3266,5213,1521
16.9,3232,5231,1536
17,3199,5249,1552
17.1,3165,5267,1568
17.2,3132,5284,1584
17.3,3099,5301,1600
17.4,3067,5318,1615
17.5,3034,5334,1631
17.6,3002,5350,1648
17.7,2970,5366,1664
17.8,2939,5382,1680
17.9,2907,5397,1696
18,2876,5412,1712
18.1,2845,5426,1728
18.2,2814,5441,1745
18.3,2784,5455,1761
18.4,2754,5469,1777
18.5,2724,5482,1794
18.6,2694,5496,1810
18.7,2665,5508,1827
18.8,2635,5521,1843
18.9,2606,5534,1860
19,2578,5546,1877
19.1,2549,5557,1893
19.2,2521,5569,1910
19.3,2493,5580,1927
19.4,2465,5591,1943
19.5,2438,5602,1960
19.6,2411,5612,1977
19.7,2384,5622,1994
19.8,2357,5632,2011
19.9,2330,5642,2028
20,2304,5651,2045
20.1,2278,5660,2062
20.2,2252,5669,2079
20.3,2227,5678,2096
20.4,2202,5686,2113
20.5,2177,5694,2130
20.6,2152,5701,2147
20.7,2127,5709,2164
20.8,2103,5716,2181
20.9,2079,5723,2198
21,2055,5729,2215
21.1,2032,5736,2232
21.2,2008,5742,2250
21.3,1985,5748,2267
21.4,1962,5753,2284
21.5,1940,5759,2301
21.6,1918,5764,2319
21.7,1895,5769,2336
21.8,1874,5773,2353
21.9,1852,5777,2371
22,1831,5782,2388
22.1,1809,5785,2405
22.2,1788,5789,2423
22.3,1768,5792,2440
22.4,1747,5795,2457
22.5,1727,5798,2475
22.6,1707,5801,2492
22.7,1687,5803,2509
22.8,1668,5805,2527
22.9,1648,5807,2544
23,1629,5809,2562
23.1,1610,5811,2579
23.2,1592,5812,2597
23.3,1573,5813,2614
23.4,1555,5814,2631
23.5,1537,5814,2649
23.6,1519,5815,2666
23.7,1502,5815,2684
23.8,1484,5815,2701
23.9,1467,5814,2719
24,1450,5814,2736
24.1,1433,5813,2753
24.2,1417,5812,2771
24.3,1400,5811,2788
24.4,1384,5810,2806
24.5,1368,5809,2823
24.6,1353,5807,2841
24.7,1337,5805,2858
24.8,1322,5803,2875
24.9,1306,5801,2893
25,1291,5798,2910
25.1,1277,5796,2928
25.2,1262,5793,2945
25.3,1247,5790,2962
25.4,1233,5787,2980
25.5,1219,5784,2997
25.6,1205,5781,3014
25.7,1191,5777,3032
25.8,1178,5773,3049
25.9,1164,5769,3066
26,1151,5765,3084
26.1,1138,5761,3101
26.2,1125,5757,3118
26.3,1112,5752,3136
26.4,1099,5748,3153
26.5,1087,5743,3170
26.6,1074,5738,3187
26.7,1062,5733,3204
26.8,1050,5728,3222
26.9,1038,5723,3239
27,1026,5718,3256
27.1,1015,5712,3273
27.2,1003,5707,3290
27.3,991.8,5701,3307
27.4,980.6,5695,3324
27.5,969.5,5689,3341
27.6,958.5,5683,3359
27.7,947.7,5677,3376
27.8,937,5670,3393
27.9,926.5,5664,3410
28,916,5657,3427
28.1,905.8,5651,3444
28.2,895.6,5644,3460
28.3,885.5,5637,3477
28.4,875.6,5630,3494
28.5,865.8,5623,3511
28.6,856.2,5616,3528
28.7,846.6,5609,3545
28.8,837.2,5601,3562
28.9,827.9,5594,3578
29,818.6,5586,3595
29.1,809.6,5579,3612
29.2,800.6,5571,3629
29.3,791.7,5563,3645
29.4,783,5555,3662
29.5,774.3,5547,3679
29.6,765.8,5539,3695
29.7,757.3,5531,3712
29.8,749,5523,3728
29.9,740.8,5514,3745
30,732.6,5506,3762
30.1,724.6,5497,3778
30.2,716.7,5489,3795
30.3,708.8,5480,3811
30.4,701.1,5472,3827
30.5,693.5,5463,3844
30.6,685.9,5454,3860
30.7,678.5,5445,3877
30.8,671.1,5436,3893
30.9,663.8,5427,3909
31,656.6,5418,3925
31.1,649.5,5409,3942
31.2,642.5,5400,3958
31.3,635.6,5390,3974
31.4,628.8,5381,3990
31.5,622,5372,4006
31.6,615.3,5362,4022
31.7,608.7,5353,4039
31.8,602.2,5343,4055
31.9,595.8,5334,4071
32,589.4,5324,4087
32.1,583.2,5314,4103
32.2,577,5305,4118
32.3,570.9,5295,4134
32.4,564.8,5285,4150
32.5,558.8,5275,4166
32.6,552.9,5265,4182
32.7,547.1,5255,4198
32.8,541.3,5245,4213
32.9,535.7,5235,4229
33,530,5225,4245
33.1,524.5,5215,4261
33.2,519,5205,4276
33.3,513.6,5195,4292
33.4,508.3,5184,4307
33.5,503,5174,4323
33.6,497.8,5164,4338
33.7,492.6,5153,4354
33.8,487.5,5143,4369
33.9,482.5,5133,4385
34,477.5,5122,4400
34.1,472.6,5112,4416
34.2,467.8,5101,4431
34.3,463,5091,4446
34.4,458.3,5080,4461
34.5,453.7,5070,4477
34.6,449.1,5059,4492
34.7,444.5,5048,4507
34.8,440.1,5038,4522
34.9,435.6,5027,4537
35,431.3,5016,4552
35.1,427,5006,4567
35.2,422.7,4995,4582
35.3,418.5,4984,4597
35.4,414.4,4973,4612
35.5,410.3,4963,4627
35.6,406.2,4952,4642
35.7,402.2,4941,4657
35.8,398.3,4930,4672
35.9,394.4,4919,4686
36,390.5,4908,4701
36.1,386.7,4897,4716
36.2,382.9,4887,4731
36.3,379.2,4876,4745
36.4,375.5,4865,4760
36.5,371.9,4854,4774
36.6,368.3,4843,4789
36.7,364.8,4832,4803
36.8,361.3,4821,4818
36.9,357.8,4810,4832
37,354.4,4799,4847
37.1,351,4788,4861
37.2,347.6,4777,4875
37.3,344.3,4766,4890
37.4,341.1,4755,4904
37.5,337.9,4744,4918
37.6,334.7,4733,4933
37.7,331.5,4722,4947
37.8,328.4,4711,4961
37.9,325.3,4700,4975
38,322.3,4689,4989
38.1,319.3,4678,5003
38.2,316.3,4667,5017
38.3,313.4,4656,5031
38.4,310.5,4644,5045
38.5,307.6,4633,5059
38.6,304.8,4622,5073
38.7,302,4611,5087
38.8,299.2,4600,5101
38.9,296.5,4589,5114
39,293.8,4578,5128
39.1,291.1,4567,5142
39.2,288.4,4556,5155
39.3,285.8,4545,5169
39.4,283.2,4534,5183
39.5,280.7,4523,5196
39.6,278.2,4512,5210
39.7,275.7,4501,5223
39.8,273.2,4490,5237
39.9,270.7,4479,5250
40,268.3,4468,5264
40.1,265.9,4457,5277
40.2,263.6,4446,5290
40.3,261.3,4435,5304
40.4,258.9,4424,5317
40.5,256.7,4413,5330
40.6,254.4,4402,5344
40.7,252.2,4391,5357
40.8,250,4380,5370
40.9,247.8,4369,5383
41,245.6,4358,5396
41.1,243.5,4347,5409
41.2,241.4,4336,5422
41.3,239.3,4325,5435
41.4,237.3,4315,5448
41.5,235.2,4304,5461
41.6,233.2,4293,5474
41.7,231.2,4282,5487
41.8,229.2,4271,5500
41.9,227.3,4260,5513
42,225.3,4249,5525
42.1,223.4,4239,5538
42.2,221.6,4228,5551
42.3,219.7,4217,5563
42.4,217.8,4206,5576
42.5,216,4195,5589
42.6,214.2,4185,5601
42.7,212.4,4174,5614
42.8,210.7,4163,5626
42.9,208.9,4152,5639
43,207.2,4142,5651
43.1,205.5,4131,5664
43.2,203.8,4120,5676
43.3,202.1,4110,5688
43.4,200.5,4099,5701
43.5,198.8,4088,5713
43.6,197.2,4078,5725
43.7,195.6,4067,5737
43.8,194,4056,5750
43.9,192.5,4046,5762
44,190.9,4035,5774
44.1,189.4,4025,5786
44.2,187.9,4014,5798
44.3,186.3,4004,5810
44.4,184.9,3993,5822
44.5,183.4,3983,5834
44.6,181.9,3972,5846
44.7,180.5,3962,5858
44.8,179.1,3951,5870
44.9,177.7,3941,5881
45,176.3,3930,5893
45.1,174.9,3920,5905
45.2,173.5,3910,5917
45.3,172.2,3899,5929
45.4,170.8,3889,5940
45.5,169.5,3879,5952
45.6,168.2,3868,5963
45.7,166.9,3858,5975
45.8,165.6,3848,5987
45.9,164.4,3838,5998
46,163.1,3827,6010
46.1,161.9,3817,6021
46.2,160.6,3807,6033
46.3,159.4,3797,6044
46.4,158.2,3786,6055
46.5,157,3776,6067
46.6,155.8,3766,6078
46.7,154.7,3756,6089
46.8,153.5,3746,6100
46.9,152.4,3736,6112
47,151.2,3726,6123
47.1,150.1,3716,6134
47.2,149,3706,6145
47.3,147.9,3696,6156
47.4,146.8,3686,6167
47.5,145.7,3676,6178
47.6,144.7,3666,6189
47.7,143.6,3656,6200
47.8,142.6,3646,6211
47.9,141.5,3636,6222
48,140.5,3626,6233
48.1,139.5,3616,6244
48.2,138.5,3607,6255
48.3,137.5,3597,6266
48.4,136.5,3587,6276
48.5,135.5,3577,6287
48.6,134.6,3568,6298
48.7,133.6,3558,6309
48.8,132.7,3548,6319
48.9,131.7,3538,6330
49,130.8,3529,6340
49.1,129.9,3519,6351
49.2,129,3509,6362
49.3,128.1,3500,6372
49.4,127.2,3490,6383
49.5,126.3,3481,6393
49.6,125.4,3471,6403
49.7,124.6,3462,6414
49.8,123.7,3452,6424
49.9,122.9,3443,6435
50,122,3433,6445
50.1,121.2,3424,6455
50.2,120.4,3414,6465
50.3,119.5,3405,6476
50.4,118.7,3395,6486
50.5,117.9,3386,6496
50.6,117.1,3377,6506
50.7,116.3,3367,6516
50.8,115.6,3358,6526
50.9,114.8,3349,6536
51,114,3339,6547
51.1,113.3,3330,6557
51.2,112.5,3321,6567
51.3,111.8,3312,6576
51.4,111,3303,6586
51.5,110.3,3293,6596
51.6,109.6,3284,6606
51.7,108.9,3275,6616
51.8,108.1,3266,6626
51.9,107.4,3257,6636
52,106.7,3248,6645
52.1,106.1,3239,6655
52.2,105.4,3230,6665
52.3,104.7,3221,6674
52.4,104,3212,6684
52.5,103.4,3203,6694
52.6,102.7,3194,6703
52.7,102,3185,6713
52.8,101.4,3176,6722
52.9,100.7,3167,6732
53,100.1,3158,6741
53.1,99.48,3150,6751
53.2,98.85,3141,6760
53.3,98.23,3132,6770
53.4,97.62,3123,6779
53.5,97.01,3114,6788
53.6,96.41,3106,6798
53.7,95.81,3097,6807
53.8,95.22,3088,6816
53.9,94.63,3080,6826
54,94.05,3071,6835
54.1,93.47,3062,6844
54.2,92.9,3054,6853
54.3,92.34,3045,6862
54.4,91.78,3037,6872
54.5,91.22,3028,6881
54.6,90.67,3020,6890
54.7,90.12,3011,6899
54.8,89.58,3003,6908
54.9,89.05,2994,6917
55,88.52,2986,6926
55.1,87.99,2977,6935
55.2,87.47,2969,6944
55.3,86.95,2961,6952
55.4,86.44,2952,6961
55.5,85.93,2944,6970
55.6,85.42,2936,6979
55.7,84.92,2927,6988
55.8,84.43,2919,6997
55.9,83.94,2911,7005
56,83.45,2902,7014
56.1,82.97,2894,7023
56.2,82.49,2886,7031
56.3,82.01,2878,7040
56.4,81.54,2870,7049
56.5,81.07,2862,7057
56.6,80.61,2854,7066
56.7,80.15,2845,7074
56.8,79.7,2837,7083
56.9,79.24,2829,7091
57,78.8,2821,7100
57.1,78.35,2813,7108
57.2,77.91,2805,7117
57.3,77.48,2797,7125
57.4,77.04,2789,7134
57.5,76.62,2781,7142
57.6,76.19,2774,7150
57.7,75.77,2766,7159
57.8,75.35,2758,7167
57.9,74.94,2750,7175
58,74.52,2742,7183
58.1,74.12,2734,7192
58.2,73.71,2727,7200
58.3,73.31,2719,7208
58.4,72.91,2711,7216
58.5,72.52,2703,7224
58.6,72.13,2696,7232
58.7,71.74,2688,7240
58.8,71.36,2680,7248
58.9,70.98,2673,7256
59,70.6,2665,7264
59.1,70.22,2657,7272
59.2,69.85,2650,7280
59.3,69.48,2642,7288
59.4,69.12,2635,7296
59.5,68.75,2627,7304
59.6,68.39,2620,7312
59.7,68.04,2612,7320
59.8,67.68,2605,7328
59.9,67.33,2597,7335
60,66.98,2590,7343
60.1,66.64,2582,7351
60.2,66.3,2575,7359
60.3,65.96,2568,7366
60.4,65.62,2560,7374
60.5,65.28,2553,7382
60.6,64.95,2546,7389
60.7,64.62,2538,7397
60.8,64.3,2531,7405
60.9,63.97,2524,7412
61,63.65,2516,7420
61.1,63.34,2509,7427
61.2,63.02,2502,7435
61.3,62.71,2495,7442
61.4,62.39,2488,7450
61.5,62.09,2481,7457
61.6,61.78,2473,7465
61.7,61.48,2466,7472
61.8,61.18,2459,7480
61.9,60.88,2452,7487
62,60.58,2445,7494
62.1,60.29,2438,7502
62.2,59.99,2431,7509
62.3,59.7,2424,7516
62.4,59.42,2417,7523
62.5,59.13,2410,7531
62.6,58.85,2403,7538
62.7,58.57,2396,7545
62.8,58.29,2389,7552
62.9,58.01,2383,7559
63,57.74,2376,7567
63.1,57.47,2369,7574
63.2,57.2,2362,7581
63.3,56.93,2355,7588
63.4,56.66,2348,7595
63.5,56.4,2342,7602
63.6,56.13,2335,7609
63.7,55.87,2328,7616
63.8,55.62,2321,7623
63.9,55.36,2315,7630
64,55.11,2308,7637
64.1,54.85,2301,7644
64.2,54.6,2295,7651
64.3,54.35,2288,7658
64.4,54.11,2282,7664
64.5,53.86,2275,7671
64.6,53.62,2268,7678
64.7,53.38,2262,7685
64.8,53.14,2255,7692
64.9,52.9,2249,7698
65,52.66,2242,7705
65.1,52.43,2236,7712
65.2,52.2,2229,7718
65.3,51.96,2223,7725
65.4,51.73,2216,7732
65.5,51.51,2210,7738
65.6,51.28,2204,7745
65.7,51.06,2197,7752
65.8,50.83,2191,7758
65.9,50.61,2185,7765
66,50.39,2178,7771
66.1,50.17,2172,7778
66.2,49.96,2166,7784
66.3,49.74,2159,7791
66.4,49.53,2153,7797
66.5,49.32,2147,7804
66.6,49.1,2141,7810
66.7,48.9,2134,7817
66.8,48.69,2128,7823
66.9,48.48,2122,7829
67,48.28,2116,7836
67.1,48.07,2110,7842
67.2,47.87,2104,7848
67.3,47.67,2098,7855
67.4,47.47,2091,7861
67.5,47.27,2085,7867
67.6,47.08,2079,7874
67.7,46.88,2073,7880
67.8,46.69,2067,7886
67.9,46.5,2061,7892
68,46.3,2055,7898
68.1,46.11,2049,7905
68.2,45.93,2043,7911
68.3,45.74,2037,7917
68.4,45.55,2032,7923
68.5,45.37,2026,7929
68.6,45.19,2020,7935
68.7,45,2014,7941
68.8,44.82,2008,7947
68.9,44.64,2002,7953
69,44.47,1996,7959
69.1,44.29,1991,7965
69.2,44.11,1985,7971
69.3,43.94,1979,7977
69.4,43.76,1973,7983
69.5,43.59,1968,7989
69.6,43.42,1962,7995
69.7,43.25,1956,8001
69.8,43.08,1950,8006
69.9,42.91,1945,8012
70,42.75,1939,8018
70.1,42.58,1933,8024
70.2,42.42,1928,8030
70.3,42.25,1922,8036
70.4,42.09,1917,8041
70.5,41.93,1911,8047
70.6,41.77,1905,8053
70.7,41.61,1900,8058
70.8,41.45,1894,8064
70.9,41.29,1889,8070
71,41.14,1883,8076
71.1,40.98,1878,8081
71.2,40.83,1872,8087
71.3,40.68,1867,8092
71.4,40.52,1861,8098
71.5,40.37,1856,8104
71.6,40.22,1851,8109
71.7,40.07,1845,8115
71.8,39.92,1840,8120
71.9,39.78,1835,8126
72,39.63,1829,8131
72.1,39.49,1824,8137
72.2,39.34,1819,8142
72.3,39.2,1813,8148
72.4,39.05,1808,8153
72.5,38.91,1803,8158
72.6,38.77,1797,8164
72.7,38.63,1792,8169
72.8,38.49,1787,8175
72.9,38.36,1782,8180
73,38.22,1776,8185
73.1,38.08,1771,8191
73.2,37.95,1766,8196
73.3,37.81,1761,8201
73.4,37.68,1756,8207
73.5,37.55,1751,8212
73.6,37.42,1746,8217
73.7,37.28,1740,8222
73.8,37.15,1735,8227
73.9,37.02,1730,8233
74,36.9,1725,8238
74.1,36.77,1720,8243
74.2,36.64,1715,8248
74.3,36.52,1710,8253
74.4,36.39,1705,8258
74.5,36.27,1700,8264
74.6,36.14,1695,8269
74.7,36.02,1690,8274
74.8,35.9,1685,8279
74.9,35.78,1680,8284
75,35.66,1675,8289
75.1,35.54,1671,8294
75.2,35.42,1666,8299
75.3,35.3,1661,8304
75.4,35.18,1656,8309
75.5,35.07,1651,8314
75.6,34.95,1646,8319
75.7,34.84,1641,8324
75.8,34.72,1637,8329
75.9,34.61,1632,8334
76,34.5,1627,8338
76.1,34.39,1622,8343
76.2,34.27,1618,8348
76.3,34.16,1613,8353
76.4,34.05,1608,8358
76.5,33.94,1603,8363
76.6,33.84,1599,8367
76.7,33.73,1594,8372
76.8,33.62,1589,8377
76.9,33.52,1585,8382
77,33.41,1580,8387
77.1,33.3,1575,8391
77.2,33.2,1571,8396
77.3,33.1,1566,8401
77.4,32.99,1562,8405
77.5,32.89,1557,8410
77.6,32.79,1552,8415
77.7,32.69,1548,8419
77.8,32.59,1543,8424
77.9,32.49,1539,8429
78,32.39,1534,8433
78.1,32.29,1530,8438
78.2,32.19,1525,8442
78.3,32.1,1521,8447
78.4,32,1516,8452
78.5,31.9,1512,8456
78.6,31.81,1508,8461
78.7,31.71,1503,8465
78.8,31.62,1499,8470
78.9,31.52,1494,8474
79,31.43,1490,8479
79.1,31.34,1486,8483
79.2,31.25,1481,8488
79.3,31.16,1477,8492
79.4,31.06,1473,8496
79.5,30.97,1468,8501
79.6,30.88,1464,8505
79.7,30.8,1460,8510
79.8,30.71,1455,8514
79.9,30.62,1451,8518
80,30.53,1447,8523
80.1,30.44,1443,8527
80.2,30.36,1438,8531
80.3,30.27,1434,8536
80.4,30.19,1430,8540
80.5,30.1,1426,8544
80.6,30.02,1422,8548
80.7,29.93,1417,8553
80.8,29.85,1413,8557
80.9,29.77,1409,8561
81,29.68,1405,8565
81.1,29.6,1401,8570
81.2,29.52,1397,8574
81.3,29.44,1393,8578
81.4,29.36,1388,8582
81.5,29.28,1384,8586
81.6,29.2,1380,8590
81.7,29.12,1376,8595
81.8,29.04,1372,8599
81.9,28.96,1368,8603
82,28.89,1364,8607
82.1,28.81,1360,8611
82.2,28.73,1356,8615
82.3,28.66,1352,8619
82.4,28.58,1348,8623
82.5,28.51,1344,8627
82.6,28.43,1340,8631
82.7,28.36,1336,8635
82.8,28.28,1332,8639
82.9,28.21,1329,8643
83,28.14,1325,8647
83.1,28.06,1321,8651
83.2,27.99,1317,8655
83.3,27.92,1313,8659
83.4,27.85,1309,8663
83.5,27.78,1305,8667
83.6,27.7,1301,8671
83.7,27.63,1298,8675
83.8,27.56,1294,8679
83.9,27.49,1290,8683
84,27.43,1286,8686
84.1,27.36,1282,8690
84.2,27.29,1279,8694
84.3,27.22,1275,8698
84.4,27.15,1271,8702
84.5,27.08,1267,8706
84.6,27.02,1264,8709
84.7,26.95,1260,8713
84.8,26.88,1256,8717
84.9,26.82,1253,8721
85,26.75,1249,8724
85.1,26.69,1245,8728
85.2,26.62,1241,8732
85.3,26.56,1238,8736
85.4,26.49,1234,8739
85.5,26.43,1231,8743
85.6,26.37,1227,8747
85.7,26.3,1223,8750
85.8,26.24,1220,8754
85.9,26.18,1216,8758
86,26.12,1213,8761
86.1,26.05,1209,8765
86.2,25.99,1205,8769
86.3,25.93,1202,8772
86.4,25.87,1198,8776
86.5,25.81,1195,8779
86.6,25.75,1191,8783
86.7,25.69,1188,8787
86.8,25.63,1184,8790
86.9,25.57,1181,8794
87,25.51,1177,8797
87.1,25.45,1174,8801
87.2,25.39,1170,8804
87.3,25.33,1167,8808
87.4,25.28,1164,8811
87.5,25.22,1160,8815
87.6,25.16,1157,8818
87.7,25.1,1153,8822
87.8,25.05,1150,8825
87.9,24.99,1147,8829
88,24.93,1143,8832
88.1,24.88,1140,8835
88.2,24.82,1136,8839
88.3,24.77,1133,8842
88.4,24.71,1130,8846
88.5,24.66,1126,8849
88.6,24.6,1123,8852
88.7,24.55,1120,8856
88.8,24.49,1116,8859
88.9,24.44,1113,8862
89,24.39,1110,8866
89.1,24.33,1107,8869
89.2,24.28,1103,8872
89.3,24.23,1100,8876
89.4,24.17,1097,8879
89.5,24.12,1094,8882
89.6,24.07,1090,8886
89.7,24.02,1087,8889
89.8,23.96,1084,8892
89.9,23.91,1081,8895
90,23.86,1078,8899
90.1,23.81,1074,8902
90.2,23.76,1071,8905
90.3,23.71,1068,8908
90.4,23.66,1065,8911
90.5,23.61,1062,8915
90.6,23.56,1059,8918
90.7,23.51,1056,8921
90.8,23.46,1052,8924
90.9,23.41,1049,8927
91,23.36,1046,8930
91.1,23.31,1043,8934
91.2,23.26,1040,8937
91.3,23.21,1037,8940
91.4,23.16,1034,8943
91.5,23.12,1031,8946
91.6,23.07,1028,8949
91.7,23.02,1025,8952
91.8,22.97,1022,8955
91.9,22.92,1019,8958
92,22.88,1016,8961
92.1,22.83,1013,8964
92.2,22.78,1010,8967
92.3,22.74,1007,8970
92.4,22.69,1004,8973
92.5,22.64,1001,8977
92.6,22.6,997.9,8980
92.7,22.55,994.9,8983
92.8,22.51,992,8985
92.9,22.46,989.1,8988
93,22.42,986.1,8991
93.1,22.37,983.2,8994
93.2,22.33,980.3,8997
93.3,22.28,977.4,9000
93.4,22.24,974.5,9003
93.5,22.19,971.6,9006
93.6,22.15,968.8,9009
93.7,22.11,965.9,9012
93.8,22.06,963.1,9015
93.9,22.02,960.2,9018
94,21.98,957.4,9021
94.1,21.93,954.5,9024
94.2,21.89,951.7,9026
94.3,21.85,948.9,9029
94.4,21.8,946.1,9032
94.5,21.76,943.3,9035
94.6,21.72,940.5,9038
94.7,21.68,937.7,9041
94.8,21.64,934.9,9043
94.9,21.59,932.2,9046
95,21.55,929.4,9049
95.1,21.51,926.6,9052
95.2,21.47,923.9,9055
95.3,21.43,921.2,9057
95.4,21.39,918.4,9060
95.5,21.35,915.7,9063
95.6,21.31,913,9066
95.7,21.27,910.3,9068
95.8,21.23,907.6,9071
95.9,21.19,904.9,9074
96,21.15,902.2,9077
96.1,21.11,899.6,9079
96.2,21.07,896.9,9082
96.3,21.03,894.2,9085
96.4,21,891.6,9087
96.5,20.96,888.9,9090
96.6,20.92,886.3,9093
96.7,20.88,883.7,9095
96.8,20.84,881.1,9098
96.9,20.81,878.4,9101
97,20.77,875.8,9103
97.1,20.73,873.2,9106
97.2,20.69,870.7,9109
97.3,20.66,868.1,9111
97.4,20.62,865.5,9114
97.5,20.58,862.9,9116
97.6,20.55,860.4,9119
97.7,20.51,857.8,9122
97.8,20.47,855.3,9124
97.9,20.44,852.7,9127
98,20.4,850.2,9129
98.1,20.37,847.7,9132
98.2,20.33,845.2,9134
98.3,20.3,842.7,9137
98.4,20.26,840.2,9140
98.5,20.23,837.7,9142
98.6,20.19,835.2,9145
98.7,20.16,832.7,9147
98.8,20.12,830.3,9150
98.9,20.09,827.8,9152
99,20.05,825.3,9155
99.1,20.02,822.9,9157
99.2,19.99,820.4,9160
99.3,19.95,818,9162
99.4,19.92,815.6,9164
99.5,19.89,813.2,9167
99.6,19.85,810.8,9169
99.7,19.82,808.4,9172
99.8,19.79,806,9174
99.9,19.76,803.6,9177
100,19.72,801.2,9179
100.1,19.69,798.8,9182
100.2,19.66,796.4,9184
100.3,19.63,794.1,9186
100.4,19.6,791.7,9189
100.5,19.57,789.4,9191
100.6,19.53,787,9193
100.7,19.5,784.7,9196
100.8,19.47,782.4,9198
100.9,19.44,780,9201
101,19.41,777.7,9203
101.1,19.38,775.4,9205
101.2,19.35,773.1,9208
101.3,19.32,770.8,9210
101.4,19.29,768.5,9212
101.5,19.26,766.3,9214
101.6,19.23,764,9217
101.7,19.2,761.7,9219
101.8,19.17,759.5,9221
101.9,19.14,757.2,9224
102,19.11,755,9226
102.1,19.08,752.7,9228
102.2,19.06,750.5,9230
102.3,19.03,748.3,9233
102.4,19,746,9235
102.5,18.97,743.8,9237
102.6,18.94,741.6,9239
102.7,18.91,739.4,9242
102.8,18.89,737.2,9244
102.9,18.86,735.1,9246
103,18.83,732.9,9248
103.1,18.8,730.7,9250
103.2,18.78,728.5,9253
103.3,18.75,726.4,9255
103.4,18.72,724.2,9257
103.5,18.7,722.1,9259
103.6,18.67,719.9,9261
103.7,18.64,717.8,9264
103.8,18.62,715.7,9266
103.9,18.59,713.5,9268
104,18.56,711.4,9270
104.1,18.54,709.3,9272
104.2,18.51,707.2,9274
104.3,18.49,705.1,9276
104.4,18.46,703,9279
104.5,18.44,700.9,9281
104.6,18.41,698.9,9283
104.7,18.39,696.8,9285
104.8,18.36,694.7,9287
104.9,18.34,692.7,9289
105,18.31,690.6,9291
105.1,18.29,688.6,9293
105.2,18.26,686.5,9295
105.3,18.24,684.5,9297
105.4,18.22,682.5,9299
105.5,18.19,680.4,9301
105.6,18.17,678.4,9303
105.7,18.14,676.4,9305
105.8,18.12,674.4,9307
105.9,18.1,672.4,9309
106,18.07,670.4,9312
106.1,18.05,668.4,9314
106.2,18.03,666.5,9316
106.3,18,664.5,9318
106.4,17.98,662.5,9320
106.5,17.96,660.6,9321
106.6,17.94,658.6,9323
106.7,17.91,656.6,9325
106.8,17.89,654.7,9327
106.9,17.87,652.8,9329
107,17.85,650.8,9331
107.1,17.83,648.9,9333
107.2,17.8,647,9335
107.3,17.78,645.1,9337
107.4,17.76,643.2,9339
107.5,17.74,641.3,9341
107.6,17.72,639.4,9343
107.7,17.7,637.5,9345
107.8,17.68,635.6,9347
107.9,17.66,633.7,9349
108,17.64,631.8,9351
108.1,17.61,630,9352
108.2,17.59,628.1,9354
108.3,17.57,626.2,9356
108.4,17.55,624.4,9358
108.5,17.53,622.5,9360
108.6,17.51,620.7,9362
108.7,17.49,618.9,9364
108.8,17.47,617,9366
108.9,17.45,615.2,9367
109,17.43,613.4,9369
109.1,17.41,611.6,9371
109.2,17.4,609.8,9373
109.3,17.38,608,9375
109.4,17.36,606.2,9376
109.5,17.34,604.4,9378
109.6,17.32,602.6,9380
109.7,17.3,600.8,9382
109.8,17.28,599,9384
109.9,17.26,597.2,9385
110,17.24,595.5,9387
110.1,17.23,593.7,9389
110.2,17.21,592,9391
110.3,17.19,590.2,9393
110.4,17.17,588.5,9394
110.5,17.15,586.7,9396
110.6,17.14,585,9398
110.7,17.12,583.3,9400
110.8,17.1,581.5,9401
110.9,17.08,579.8,9403
111,17.07,578.1,9405
111.1,17.05,576.4,9407
111.2,17.03,574.7,9408
111.3,17.01,573,9410
111.4,17,571.3,9412
111.5,16.98,569.6,9413
111.6,16.96,567.9,9415
111.7,16.95,566.3,9417
111.8,16.93,564.6,9418
111.9,16.91,562.9,9420
112,16.9,561.3,9422
112.1,16.88,559.6,9424
112.2,16.86,558,9425
112.3,16.85,556.3,9427
112.4,16.83,554.7,9428
112.5,16.81,553,9430
112.6,16.8,551.4,9432
112.7,16.78,549.8,9433
112.8,16.77,548.2,9435
112.9,16.75,546.5,9437
113,16.73,544.9,9438
113.1,16.72,543.3,9440
113.2,16.7,541.7,9442
113.3,16.69,540.1,9443
113.4,16.67,538.5,9445
113.5,16.66,536.9,9446
113.6,16.64,535.3,9448
113.7,16.63,533.8,9450
113.8,16.61,532.2,9451
113.9,16.6,530.6,9453
114,16.58,529.1,9454
114.1,16.57,527.5,9456
114.2,16.55,525.9,9458
114.3,16.54,524.4,9459
114.4,16.52,522.8,9461
114.5,16.51,521.3,9462
114.6,16.49,519.8,9464
114.7,16.48,518.2,9465
114.8,16.47,516.7,9467
114.9,16.45,515.2,9468
115,16.44,513.7,9470
115.1,16.42,512.2,9471
115.2,16.41,510.6,9473
115.3,16.39,509.1,9474
115.4,16.38,507.6,9476
115.5,16.37,506.1,9477
115.6,16.35,504.7,9479
115.7,16.34,503.2,9480
115.8,16.33,501.7,9482
115.9,16.31,500.2,9483
116,16.3,498.7,9485
116.1,16.29,497.3,9486
116.2,16.27,495.8,9488
116.3,16.26,494.3,9489
116.4,16.24,492.9,9491
116.5,16.23,491.4,9492
116.6,16.22,490,9494
116.7,16.21,488.5,9495
116.8,16.19,487.1,9497
116.9,16.18,485.7,9498
117,16.17,484.2,9500
117.1,16.15,482.8,9501
117.2,16.14,481.4,9502
117.3,16.13,480,9504
117.4,16.11,478.5,9505
117.5,16.1,477.1,9507
117.6,16.09,475.7,9508
117.7,16.08,474.3,9510
117.8,16.06,472.9,9511
117.9,16.05,471.5,9512
118,16.04,470.1,9514
118.1,16.03,468.8,9515
118.2,16.01,467.4,9517
118.3,16,466,9518
118.4,15.99,464.6,9519
118.5,15.98,463.3,9521
118.6,15.96,461.9,9522
118.7,15.95,460.5,9524
118.8,15.94,459.2,9525
118.9,15.93,457.8,9526
119,15.91,456.5,9528
119.1,15.9,455.1,9529
119.2,15.89,453.8,9530
119.3,15.88,452.5,9532
119.4,15.87,451.1,9533
119.5,15.85,449.8,9534
119.6,15.84,448.5,9536
119.7,15.83,447.1,9537
119.8,15.82,445.8,9538
119.9,15.81,444.5,9540
120,15.79,443.2,9541
120.1,15.78,441.9,9542
120.2,15.77,440.6,9544
120.3,15.76,439.3,9545
120.4,15.75,438,9546
120.5,15.73,436.7,9548
120.6,15.72,435.4,9549
120.7,15.71,434.1,9550
120.8,15.7,432.9,9551
120.9,15.69,431.6,9553
121,15.68,430.3,9554
121.1,15.66,429,9555
121.2,15.65,427.8,9557
121.3,15.64,426.5,9558
121.4,15.63,425.2,9559
121.5,15.62,424,9560
121.6,15.61,422.7,9562
121.7,15.59,421.5,9563
121.8,15.58,420.3,9564
121.9,15.57,419,9565
122,15.56,417.8,9567
122.1,15.55,416.5,9568
122.2,15.54,415.3,9569
122.3,15.52,414.1,9570
122.4,15.51,412.9,9572
122.5,15.5,411.6,9573
122.6,15.49,410.4,9574
122.7,15.48,409.2,9575
122.8,15.47,408,9577
122.9,15.45,406.8,9578
123,15.44,405.6,9579
123.1,15.43,404.4,9580
123.2,15.42,403.2,9581
123.3,15.41,402,9583
123.4,15.4,400.8,9584
123.5,15.38,399.6,9585
123.6,15.37,398.4,9586
123.7,15.36,397.3,9587
123.8,15.35,396.1,9589
123.9,15.34,394.9,9590
124,15.32,393.7,9591
124.1,15.31,392.6,9592
124.2,15.3,391.4,9593
124.3,15.29,390.3,9594
124.4,15.28,389.1,9596
124.5,15.27,387.9,9597
124.6,15.25,386.8,9598
124.7,15.24,385.6,9599
124.8,15.23,384.5,9600
124.9,15.22,383.4,9601
125,15.21,382.2,9603
125.1,15.2,381.1,9604
125.2,15.18,380,9605
125.3,15.17,378.8,9606
125.4,15.16,377.7,9607
125.5,15.15,376.6,9608
125.6,15.14,375.5,9609
125.7,15.13,374.4,9611
125.8,15.12,373.2,9612
125.9,15.1,372.1,9613
126,15.09,371,9614
126.1,15.08,369.9,9615
126.2,15.07,368.8,9616
126.3,15.06,367.7,9617
126.4,15.05,366.6,9618
126.5,15.04,365.6,9619
126.6,15.03,364.5,9621
126.7,15.01,363.4,9622
126.8,15,362.3,9623
126.9,14.99,361.2,9624
127,14.98,360.2,9625
127.1,14.97,359.1,9626
127.2,14.96,358,9627
127.3,14.95,357,9628
127.4,14.94,355.9,9629
127.5,14.93,354.8,9630
127.6,14.92,353.8,9631
127.7,14.91,352.7,9632
127.8,14.9,351.7,9633
127.9,14.89,350.6,9634
128,14.88,349.6,9636
128.1,14.87,348.6,9637
128.2,14.85,347.5,9638
128.3,14.84,346.5,9639
128.4,14.83,345.5,9640
128.5,14.82,344.4,9641
128.6,14.81,343.4,9642
128.7,14.8,342.4,9643
128.8,14.79,341.4,9644
128.9,14.78,340.4,9645
129,14.77,339.3,9646
129.1,14.76,338.3,9647
129.2,14.75,337.3,9648
129.3,14.74,336.3,9649
129.4,14.73,335.3,9650
129.5,14.72,334.3,9651
129.6,14.71,333.3,9652
129.7,14.7,332.3,9653
129.8,14.69,331.4,9654
129.9,14.68,330.4,9655
130,14.67,329.4,9656
130.1,14.66,328.4,9657
130.2,14.65,327.4,9658
130.3,14.64,326.5,9659
130.4,14.64,325.5,9660
130.5,14.63,324.5,9661
130.6,14.62,323.6,9662
130.7,14.61,322.6,9663
130.8,14.6,321.6,9664
130.9,14.59,320.7,9665
131,14.58,319.7,9666
131.1,14.57,318.8,9667
131.2,14.56,317.8,9668
131.3,14.55,316.9,9669
131.4,14.54,315.9,9670
131.5,14.53,315,9670
131.6,14.52,314.1,9671
131.7,14.51,313.1,9672
131.8,14.5,312.2,9673
131.9,14.5,311.3,9674
132,14.49,310.3,9675
132.1,14.48,309.4,9676
132.2,14.47,308.5,9677
132.3,14.46,307.6,9678
132.4,14.45,306.7,9679
132.5,14.44,305.7,9680
132.6,14.43,304.8,9681
132.7,14.42,303.9,9682
132.8,14.41,303,9683
132.9,14.41,302.1,9683
133,14.4,301.2,9684
133.1,14.39,300.3,9685
133.2,14.38,299.4,9686
133.3,14.37,298.5,9687
133.4,14.36,297.7,9688
133.5,14.35,296.8,9689
133.6,14.35,295.9,9690
133.7,14.34,295,9691
133.8,14.33,294.1,9692
133.9,14.32,293.3,9692
134,14.31,292.4,9693
134.1,14.3,291.5,9694
134.2,14.3,290.6,9695
134.3,14.29,289.8,9696
134.4,14.28,288.9,9697
134.5,14.27,288.1,9698
134.6,14.26,287.2,9699
134.7,14.25,286.3,9699
134.8,14.25,285.5,9700
134.9,14.24,284.6,9701
135,14.23,283.8,9702
135.1,14.22,283,9703
135.2,14.21,282.1,9704
135.3,14.21,281.3,9705
135.4,14.2,280.4,9705
135.5,14.19,279.6,9706
135.6,14.18,278.8,9707
135.7,14.17,277.9,9708
135.8,14.17,277.1,9709
135.9,14.16,276.3,9710
136,14.15,275.5,9710
136.1,14.14,274.7,9711
136.2,14.13,273.8,9712
136.3,14.13,273,9713
136.4,14.12,272.2,9714
136.5,14.11,271.4,9714
136.6,14.1,270.6,9715
136.7,14.1,269.8,9716
136.8,14.09,269,9717
136.9,14.08,268.2,9718
137,14.07,267.4,9719
137.1,14.07,266.6,9719
137.2,14.06,265.8,9720
137.3,14.05,265,9721
137.4,14.04,264.2,9722
137.5,14.04,263.4,9723
137.6,14.03,262.7,9723
137.7,14.02,261.9,9724
137.8,14.01,261.1,9725
137.9,14.01,260.3,9726
138,14,259.5,9726
138.1,13.99,258.8,9727
138.2,13.98,258,9728
138.3,13.98,257.2,9729
138.4,13.97,256.5,9730
138.5,13.96,255.7,9730
138.6,13.96,255,9731
138.7,13.95,254.2,9732
138.8,13.94,253.4,9733
138.9,13.94,252.7,9733
139,13.93,251.9,9734
139.1,13.92,251.2,9735
139.2,13.91,250.4,9736
139.3,13.91,249.7,9736
139.4,13.9,249,9737
139.5,13.89,248.2,9738
139.6,13.89,247.5,9739
139.7,13.88,246.8,9739
139.8,13.87,246,9740
139.9,13.87,245.3,9741
140,13.86,244.6,9742
140.1,13.85,243.8,9742
140.2,13.85,243.1,9743
140.3,13.84,242.4,9744
140.4,13.83,241.7,9744
140.5,13.83,241,9745
140.6,13.82,240.2,9746
140.7,13.81,239.5,9747
140.8,13.81,238.8,9747
140.9,13.8,238.1,9748
141,13.79,237.4,9749
141.1,13.79,236.7,9750
141.2,13.78,236,9750
141.3,13.77,235.3,9751
141.4,13.77,234.6,9752
141.5,13.76,233.9,9752
141.6,13.76,233.2,9753
141.7,13.75,232.5,9754
141.8,13.74,231.8,9754
141.9,13.74,231.1,9755
142,13.73,230.5,9756
142.1,13.72,229.8,9757
142.2,13.72,229.1,9757
142.3,13.71,228.4,9758
142.4,13.71,227.7,9759
142.5,13.7,227.1,9759
142.6,13.69,226.4,9760
142.7,13.69,225.7,9761
142.8,13.68,225.1,9761
142.9,13.67,224.4,9762
143,13.67,223.7,9763
143.1,13.66,223.1,9763
143.2,13.66,222.4,9764
143.3,13.65,221.7,9765
143.4,13.64,221.1,9765
143.5,13.64,220.4,9766
143.6,13.63,219.8,9767
143.7,13.63,219.1,9767
143.8,13.62,218.5,9768
143.9,13.62,217.8,9769
144,13.61,217.2,9769
144.1,13.6,216.5,9770
144.2,13.6,215.9,9771
144.3,13.59,215.3,9771
144.4,13.59,214.6,9772
144.5,13.58,214,9772
144.6,13.57,213.4,9773
144.7,13.57,212.7,9774
144.8,13.56,212.1,9774
144.9,13.56,211.5,9775
145,13.55,210.8,9776
145.1,13.55,210.2,9776
145.2,13.54,209.6,9777
145.3,13.54,209,9777
145.4,13.53,208.4,9778
145.5,13.52,207.7,9779
145.6,13.52,207.1,9779
145.7,13.51,206.5,9780
145.8,13.51,205.9,9781
145.9,13.5,205.3,9781
146,13.5,204.7,9782
146.1,13.49,204.1,9782
146.2,13.49,203.5,9783
146.3,13.48,202.9,9784
146.4,13.48,202.3,9784
146.5,13.47,201.7,9785
146.6,13.47,201.1,9785
146.7,13.46,200.5,9786
146.8,13.45,199.9,9787
146.9,13.45,199.3,9787
147,13.44,198.7,9788
147.1,13.44,198.1,9788
147.2,13.43,197.5,9789
147.3,13.43,197,9790
147.4,13.42,196.4,9790
147.5,13.42,195.8,9791
147.6,13.41,195.2,9791
147.7,13.41,194.6,9792
147.8,13.4,194.1,9793
147.9,13.4,193.5,9793
148,13.39,192.9,9794
148.1,13.39,192.4,9794
148.2,13.38,191.8,9795
148.3,13.38,191.2,9795
148.4,13.37,190.7,9796
148.5,13.37,190.1,9797
148.6,13.36,189.5,9797
148.7,13.36,189,9798
148.8,13.35,188.4,9798
148.9,13.35,187.9,9799
149,13.34,187.3,9799
149.1,13.34,186.7,9800
149.2,13.33,186.2,9800
149.3,13.33,185.6,9801
149.4,13.32,185.1,9802
149.5,13.32,184.6,9802
149.6,13.31,184,9803
149.7,13.31,183.5,9803
149.8,13.3,182.9,9804
149.9,13.3,182.4,9804
150,13.3,181.8,9805
150.1,13.29,181.3,9805
150.2,13.29,180.8,9806
150.3,13.28,180.2,9806
150.4,13.28,179.7,9807
150.5,13.27,179.2,9808
150.6,13.27,178.6,9808
150.7,13.26,178.1,9809
150.8,13.26,177.6,9809
150.9,13.25,177.1,9810
151,13.25,176.5,9810
151.1,13.24,176,9811
151.2,13.24,175.5,9811
151.3,13.24,175,9812
151.4,13.23,174.5,9812
151.5,13.23,174,9813
151.6,13.22,173.4,9813
151.7,13.22,172.9,9814
151.8,13.21,172.4,9814
151.9,13.21,171.9,9815
152,13.2,171.4,9815
152.1,13.2,170.9,9816
152.2,13.2,170.4,9816
152.3,13.19,169.9,9817
152.4,13.19,169.4,9817
152.5,13.18,168.9,9818
152.6,13.18,168.4,9818
152.7,13.17,167.9,9819
152.8,13.17,167.4,9819
152.9,13.16,166.9,9820
153,13.16,166.4,9820
153.1,13.16,165.9,9821
153.2,13.15,165.4,9821
153.3,13.15,164.9,9822
153.4,13.14,164.4,9822
153.5,13.14,164,9823
153.6,13.13,163.5,9823
153.7,13.13,163,9824
153.8,13.13,162.5,9824
153.9,13.12,162,9825
154,13.12,161.5,9825
154.1,13.11,161.1,9826
154.2,13.11,160.6,9826
154.3,13.11,160.1,9827
154.4,13.1,159.6,9827
154.5,13.1,159.2,9828
154.6,13.09,158.7,9828
154.7,13.09,158.2,9829
154.8,13.08,157.8,9829
154.9,13.08,157.3,9830
155,13.08,156.8,9830
155.1,13.07,156.4,9831
155.2,13.07,155.9,9831
155.3,13.06,155.4,9831
155.4,13.06,155,9832
155.5,13.06,154.5,9832
155.6,13.05,154.1,9833
155.7,13.05,153.6,9833
155.8,13.04,153.1,9834
155.9,13.04,152.7,9834
156,13.04,152.2,9835
156.1,13.03,151.8,9835
156.2,13.03,151.3,9836
156.3,13.03,150.9,9836
156.4,13.02,150.4,9837
156.5,13.02,150,9837
156.6,13.01,149.5,9837
156.7,13.01,149.1,9838
156.8,13.01,148.7,9838
156.9,13,148.2,9839
157,13,147.8,9839
157.1,12.99,147.3,9840
157.2,12.99,146.9,9840
157.3,12.99,146.5,9841
157.4,12.98,146,9841
157.5,12.98,145.6,9841
157.6,12.97,145.2,9842
157.7,12.97,144.7,9842
157.8,12.97,144.3,9843
157.9,12.96,143.9,9843
158,12.96,143.5,9844
158.1,12.96,143,9844
158.2,12.95,142.6,9844
158.3,12.95,142.2,9845
158.4,12.95,141.8,9845
158.5,12.94,141.3,9846
158.6,12.94,140.9,9846
158.7,12.93,140.5,9847
158.8,12.93,140.1,9847
158.9,12.93,139.7,9847
159,12.92,139.2,9848
159.1,12.92,138.8,9848
159.2,12.92,138.4,9849
159.3,12.91,138,9849
159.4,12.91,137.6,9849
159.5,12.91,137.2,9850
159.6,12.9,136.8,9850
159.7,12.9,136.4,9851
159.8,12.9,136,9851
159.9,12.89,135.6,9852
160,12.89,135.2,9852
160.1,12.88,134.8,9852
160.2,12.88,134.4,9853
160.3,12.88,134,9853
160.4,12.87,133.6,9854
160.5,12.87,133.2,9854
160.6,12.87,132.8,9854
160.7,12.86,132.4,9855
160.8,12.86,132,9855
160.9,12.86,131.6,9856
161,12.85,131.2,9856
161.1,12.85,130.8,9856
161.2,12.85,130.4,9857
161.3,12.84,130,9857
161.4,12.84,129.7,9858
161.5,12.84,129.3,9858
161.6,12.83,128.9,9858
161.7,12.83,128.5,9859
161.8,12.83,128.1,9859
161.9,12.82,127.7,9859
162,12.82,127.4,9860
162.1,12.82,127,9860
162.2,12.81,126.6,9861
162.3,12.81,126.2,9861
162.4,12.81,125.9,9861
162.5,12.8,125.5,9862
162.6,12.8,125.1,9862
162.7,12.8,124.7,9862
162.8,12.79,124.4,9863
162.9,12.79,124,9863
163,12.79,123.6,9864
163.1,12.79,123.3,9864
163.2,12.78,122.9,9864
163.3,12.78,122.5,9865
163.4,12.78,122.2,9865
163.5,12.77,121.8,9865
163.6,12.77,121.4,9866
163.7,12.77,121.1,9866
163.8,12.76,120.7,9867
163.9,12.76,120.4,9867
164,12.76,120,9867
164.1,12.75,119.6,9868
164.2,12.75,119.3,9868
164.3,12.75,118.9,9868
164.4,12.75,118.6,9869
164.5,12.74,118.2,9869
164.6,12.74,117.9,9869
164.7,12.74,117.5,9870
164.8,12.73,117.2,9870
164.9,12.73,116.8,9870
165,12.73,116.5,9871
165.1,12.72,116.1,9871
165.2,12.72,115.8,9871
165.3,12.72,115.4,9872
165.4,12.72,115.1,9872
165.5,12.71,114.8,9873
165.6,12.71,114.4,9873
165.7,12.71,114.1,9873
165.8,12.7,113.7,9874
165.9,12.7,113.4,9874
166,12.7,113.1,9874
166.1,12.7,112.7,9875
166.2,12.69,112.4,9875
166.3,12.69,112.1,9875
166.4,12.69,111.7,9876
166.5,12.68,111.4,9876
166.6,12.68,111.1,9876
166.7,12.68,110.7,9877
166.8,12.68,110.4,9877
166.9,12.67,110.1,9877
167,12.67,109.8,9878
167.1,12.67,109.4,9878
167.2,12.66,109.1,9878
167.3,12.66,108.8,9879
167.4,12.66,108.5,9879
167.5,12.66,108.1,9879
167.6,12.65,107.8,9880
167.7,12.65,107.5,9880
167.8,12.65,107.2,9880
167.9,12.65,106.9,9880
168,12.64,106.5,9881
168.1,12.64,106.2,9881
168.2,12.64,105.9,9881
168.3,12.63,105.6,9882
168.4,12.63,105.3,9882
168.5,12.63,105,9882
168.6,12.63,104.7,9883
168.7,12.62,104.3,9883
168.8,12.62,104,9883
168.9,12.62,103.7,9884
169,12.62,103.4,9884
169.1,12.61,103.1,9884
169.2,12.61,102.8,9885
169.3,12.61,102.5,9885
169.4,12.61,102.2,9885
169.5,12.6,101.9,9886
169.6,12.6,101.6,9886
169.7,12.6,101.3,9886
169.8,12.6,101,9886
169.9,12.59,100.7,9887
170,12.59,100.4,9887
170.1,12.59,100.1,9887
170.2,12.59,99.79,9888
170.3,12.58,99.5,9888
170.4,12.58,99.2,9888
170.5,12.58,98.91,9889
170.6,12.58,98.61,9889
170.7,12.57,98.32,9889
170.8,12.57,98.03,9889
170.9,12.57,97.74,9890
171,12.57,97.45,9890
171.1,12.56,97.16,9890
171.2,12.56,96.87,9891
171.3,12.56,96.58,9891
171.4,12.56,96.29,9891
171.5,12.55,96.01,9891
171.6,12.55,95.72,9892
171.7,12.55,95.44,9892
171.8,12.55,95.16,9892
171.9,12.54,94.87,9893
172,12.54,94.59,9893
172.1,12.54,94.31,9893
172.2,12.54,94.03,9893
172.3,12.53,93.75,9894
172.4,12.53,93.47,9894
172.5,12.53,93.19,9894
172.6,12.53,92.92,9895
172.7,12.52,92.64,9895
172.8,12.52,92.37,9895
172.9,12.52,92.09,9895
173,12.52,91.82,9896
173.1,12.52,91.55,9896
173.2,12.51,91.27,9896
173.3,12.51,91,9896
173.4,12.51,90.73,9897
173.5,12.51,90.46,9897
173.6,12.5,90.2,9897
173.7,12.5,89.93,9898
173.8,12.5,89.66,9898
173.9,12.5,89.39,9898
174,12.5,89.13,9898
174.1,12.49,88.86,9899
174.2,12.49,88.6,9899
174.3,12.49,88.34,9899
174.4,12.49,88.07,9899
174.5,12.48,87.81,9900
174.6,12.48,87.55,9900
174.7,12.48,87.29,9900
174.8,12.48,87.03,9900
174.9,12.48,86.77,9901
