# t, S, I, R
0,7000,3000,0
0.1,6959,2865,175.9
0.2,6920,2736,343.9
0.3,6883,2612,504.3
0.4,6848,2494,657.5
0.5,6815,2381,803.8
0.6,6783,2273,943.4
0.7,6753,2170,1077
0.8,6725,2071,1204
0.9,6697,1977,1325
1,6672,1887,1441
1.1,6647,1801,1552
1.2,6624,1719,1658
1.3,6601,1640,1759
1.4,6580,1565,1855
1.5,6560,1493,1947
1.6,6541,1425,2034
1.7,6523,1359,2118
1.8,6506,1297,2198
1.9,6489,1237,2274
2,6473,1181,2346
2.1,6459,1126,2415
2.2,6444,1075,2481
2.3,6431,1025,2544
2.4,6418,978.2,2604
2.5,6406,933.2,2661
2.6,6394,890.2,2715
2.7,6383,849.2,2768
2.8,6373,810,2817
2.9,6363,772.5,2865
3,6353,736.7,2910
3.1,6344,702.6,2954
3.2,6335,670.1,2995
3.3,6327,639,3034
3.4,6319,609.4,3072
3.5,6311,581.1,3108
3.6,6304,554.2,3142
3.7,6297,528.6,3174
3.8,6291,504.1,3205
3.9,6285,480.8,3234
4,6279,458.6,3263
4.1,6273,437.4,3289
4.2,6268,417.2,3315
4.3,6263,398,3339
4.4,6258,379.6,3362
4.5,6253,362.1,3385
4.6,6249,345.3,3406
4.7,6245,329.3,3426
4.8,6241,314,3445
4.9,6237,299.4,3464
5,6233,285.5,3481
5.1,6230,272.2,3498
5.2,6226,259.5,3514
5.3,6223,247.4,3529
5.4,6220,235.9,3544
5.5,6217,224.9,3558
5.6,6215,214.5,3571
5.7,6212,204.5,3583
5.8,6210,195,3595
5.9,6207,186,3607
6,6205,177.4,3618
6.1,6203,169.1,3628
6.2,6201,161.3,3638
6.3,6199,153.9,3647
6.4,6197,146.8,3656
6.5,6195,140,3665
6.6,6194,133.5,3673
6.7,6192,127.3,3681
6.8,6190,121.4,3688
6.9,6189,115.7,3695
7,6188,110.3,3702
7.1,6186,105.2,3709
7.2,6185,100.3,3715
7.3,6184,95.6,3721
7.4,6183,91.14,3726
7.5,6181,86.89,3732
7.6,6180,82.84,3737
7.7,6179,78.98,3742
7.8,6178,75.31,3746
7.9,6178,71.81,3751
8,6177,68.48,3755
8.1,6176,65.31,3759
8.2,6175,62.28,3763
8.3,6174,59.4,3766
8.4,6174,56.65,3770
8.5,6173,54.03,3773
8.6,6172,51.53,3776
8.7,6172,49.14,3779
8.8,6171,46.86,3782
8.9,6171,44.67,3785
9,6170,42.59,3787
9.1,6169,40.6,3790
9.2,6169,38.71,3792
9.3,6169,36.9,3795
9.4,6168,35.18,3797
9.5,6168,33.54,3799
9.6,6167,31.97,3801
9.7,6167,30.48,3803
9.8,6167,29.06,3804
9.9,6166,27.71,3806
10,6166,26.42,3808
10.1,6166,25.2,3809
10.2,6165,24.03,3811
10.3,6165,22.92,3812
10.4,6165,21.86,3814
10.5,6164,20.85,3815
10.6,6164,19.88,3816
10.7,6164,18.96,3817
10.8,6164,18.08,3818
10.9,6163,17.24,3819
11,6163,16.43,3820
11.1,6163,15.67,3821
11.2,6163,14.94,3822
11.3,6163,14.24,3823
11.4,6162,13.57,3824
11.5,6162,12.94,3825
11.6,6162,12.34,3825
11.7,6162,11.76,3826
11.8,6162,11.21,3827
11.9,6162,10.69,3828
12,6162,10.19,3828
12.1,6162,9.721,3829
12.2,6161,9.27,3829
12.3,6161,8.841,3830
12.4,6161,8.431,3830
12.5,6161,8.041,3831
12.6,6161,7.669,3831
12.7,6161,7.314,3832
12.8,6161,6.974,3832
12.9,6161,6.65,3833
13,6161,6.34,3833
13.1,6161,6.044,3833
13.2,6160,5.762,3834
13.3,6160,5.493,3834
13.4,6160,5.236,3834
13.5,6160,4.992,3835
13.6,6160,4.759,3835
13.7,6160,4.537,3835
13.8,6160,4.325,3836
13.9,6160,4.124,3836
14,6160,3.932,3836
14.1,6160,3.75,3836
14.2,6160,3.576,3837
14.3,6160,3.41,3837
14.4,6160,3.252,3837
14.5,6160,3.101,3837
14.6,6160,2.958,3837
14.7,6160,2.821,3837
14.8,6160,2.69,3838
14.9,6160,2.565,3838
15,6160,2.446,3838
15.1,6160,2.332,3838
15.2,6160,2.223,3838
15.3,6160,2.119,3838
15.4,6160,2.02,3838
15.5,6159,1.926,3839
15.6,6159,1.836,3839
15.7,6159,1.75,3839
15.8,6159,1.668,3839
15.9,6159,1.591,3839
16,6159,1.517,3839
16.1,6159,1.446,3839
16.2,6159,1.379,3839
16.3,6159,1.315,3839
16.4,6159,1.254,3839
16.5,6159,1.196,3840
16.6,6159,1.141,3840
16.7,6159,1.088,3840
16.8,6159,1.038,3840
16.9,6159,0.9895,3840
17,6159,0.9434,3840
17.1,6159,0.8994,3840
17.2,6159,0.8575,3840
17.3,6159,0.8174,3840
17.4,6159,0.7792,3840
17.5,6159,0.7428,3840
17.6,6159,0.7081,3840
17.7,6159,0.6751,3840
17.8,6159,0.6436,3840
17.9,6159,0.6136,3840
18,6159,0.585,3840
18.1,6159,0.5578,3840
18.2,6159,0.5319,3840
18.3,6159,0.5073,3840
18.4,6159,0.4837,3840
18.5,6159,0.4613,3840
18.6,6159,0.44,3840
18.7,6159,0.4196,3840
18.8,6159,0.4002,3841
18.9,6159,0.3816,3841
19,6159,0.3639,3841
19.1,6159,0.3469,3841
19.2,6159,0.3308,3841
19.3,6159,0.3153,3841
19.4,6159,0.3006,3841
19.5,6159,0.2866,3841
19.6,6159,0.2732,3841
19.7,6159,0.2604,3841
19.8,6159,0.2483,3841
19.9,6159,0.2367,3841
20,6159,0.2257,3841
20.1,6159,0.2152,3841
20.2,6159,0.2052,3841
20.3,6159,0.1956,3841
20.4,6159,0.1866,3841
20.5,6159,0.1779,3841
20.6,6159,0.1697,3841
20.7,6159,0.1618,3841
20.8,6159,0.1544,3841
20.9,6159,0.1472,3841
21,6159,0.1404,3841
21.1,6159,0.1338,3841
21.2,6159,0.1276,3841
21.3,6159,0.1216,3841
21.4,6159,0.116,3841
21.5,6159,0.1105,3841
21.6,6159,0.1054,3841
21.7,6159,0.1005,3841
21.8,6159,0.09577,3841
21.9,6159,0.0913,3841
22,6159,0.08705,3841
22.1,6159,0.08299,3841
22.2,6159,0.07914,3841
22.3,6159,0.07546,3841
22.4,6159,0.07196,3841
22.5,6159,0.06863,3841
22.6,6159,0.06545,3841
22.7,6159,0.06242,3841
22.8,6159,0.05953,3841
22.9,6159,0.05677,3841
23,6159,0.05414,3841
23.1,6159,0.05162,3841
23.2,6159,0.04922,3841
23.3,6159,0.04692,3841
23.4,6159,0.04473,3841
23.5,6159,0.04264,3841
23.6,6159,0.04065,3841
23.7,6159,0.03875,3841
23.8,6159,0.03694,3841
23.9,6159,0.03522,3841
24,6159,0.03358,3841
24.1,6159,0.03201,3841
24.2,6159,0.03052,3841
24.3,6159,0.02911,3841
24.4,6159,0.02775,3841
24.5,6159,0.02647,3841
24.6,6159,0.02524,3841
24.7,6159,0.02407,3841
24.8,6159,0.02296,3841
24.9,6159,0.0219,3841
25,6159,0.02088,3841
25.1,6159,0.01991,3841
25.2,6159,0.01899,3841
25.3,6159,0.0181,3841
25.4,6159,0.01726,3841
25.5,6159,0.01645,3841
25.6,6159,0.01568,3841
25.7,6159,0.01495,3841
25.8,6159,0.01425,3841
25.9,6159,0.01359,3841
26,6159,0.01295,3841
26.1,6159,0.01235,3841
26.2,6159,0.01177,3841
26.3,6159,0.01123,3841
26.4,6159,0.0107,3841
26.5,6159,0.01021,3841
26.6,6159,0.009735,3841
26.7,6159,0.009285,3841
26.8,6159,0.008855,3841
26.9,6159,0.008445,3841
27,6159,0.008054,3841
27.1,6159,0.007681,3841
27.2,6159,0.007323,3841
27.3,6159,0.006982,3841
27.4,6159,0.006656,3841
27.5,6159,0.006346,3841
27.6,6159,0.006049,3841
27.7,6159,0.005767,3841
27.8,6159,0.005497,3841
27.9,6159,0.005241,3841
28,6159,0.004996,3841
28.1,6159,0.004763,3841
28.2,6159,0.004541,3841
28.3,6159,0.00433,3841
28.4,6159,0.004129,3841
28.5,6159,0.003937,3841
28.6,6159,0.003755,3841
28.7,6159,0.003581,3841
28.8,6159,0.003415,3841
28.9,6159,0.003257,3841
29,6159,0.003106,3841
29.1,6159,0.002963,3841
29.2,6159,0.002825,3841
29.3,6159,0.002694,3841
29.4,6159,0.002568,3841
29.5,6159,0.002448,3841
29.6,6159,0.002334,3841
29.7,6159,0.002225,3841
29.8,6159,0.002121,3841
29.9,6159,0.002022,3841
30,6159,0.001927,3841
30.1,6159,0.001837,3841
30.2,6159,0.001752,3841
30.3,6159,0.00167,3841
30.4,6159,0.001592,3841
30.5,6159,0.001518,3841
30.6,6159,0.001448,3841
30.7,6159,0.001381,3841
30.8,6159,0.001317,3841
30.9,6159,0.001256,3841
31,6159,0.001198,3841
31.1,6159,0.001143,3841
31.2,6159,0.00109,3841
31.3,6159,0.001039,3841
31.4,6159,0.0009908,3841
31.5,6159,0.0009446,3841
31.6,6159,0.0009005,3841
31.7,6159,0.0008584,3841
31.8,6159,0.0008182,3841
31.9,6159,0.00078,3841
32,6159,0.0007435,3841
32.1,6159,0.0007088,3841
32.2,6159,0.0006757,3841
32.3,6159,0.0006441,3841
32.4,6159,0.0006141,3841
32.5,6159,0.0005856,3841
32.6,6159,0.0005584,3841
32.7,6159,0.0005325,3841
32.8,6159,0.0005078,3841
32.9,6159,0.0004844,3841
33,6159,0.000462,3841
33.1,6159,0.0004407,3841
33.2,6159,0.0004203,3841
33.3,6159,0.0004009,3841
33.4,6159,0.0003823,3841
33.5,6159,0.0003646,3841
33.6,6159,0.0003476,3841
33.7,6159,0.0003314,3841
33.8,6159,0.0003159,3841
33.9,6159,0.0003011,3841
34,6159,0.000287,3841
34.1,6159,0.0002735,3841
34.2,6159,0.0002607,3841
34.3,6159,0.0002485,3841
34.4,6159,0.0002369,3841
34.5,6159,0.0002258,3841
34.6,6159,0.0002153,3841
34.7,6159,0.0002053,3841
34.8,6159,0.0001957,3841
34.9,6159,0.0001867,3841
35,6159,0.000178,3841
35.1,6159,0.0001698,3841
35.2,6159,0.000162,3841
35.3,6159,0.0001545,3841
35.4,6159,0.0001474,3841
35.5,6159,0.0001407,3841
35.6,6159,0.0001342,3841
35.7,6159,0.000128,3841
35.8,6159,0.0001221,3841
35.9,6159,0.0001164,3841
36,6159,0.000111,3841
36.1,6159,0.0001058,3841
36.2,6159,0.0001008,3841
36.3,6159,9.606e-05,3841
36.4,6159,9.154e-05,3841
36.5,6159,8.722e-05,3841
36.6,6159,8.311e-05,3841
36.7,6159,7.92e-05,3841
36.8,6159,7.547e-05,3841
36.9,6159,7.193e-05,3841
37,6159,6.856e-05,3841
37.1,6159,6.536e-05,3841
37.2,6159,6.232e-05,3841
37.3,6159,5.943e-05,3841
37.4,6159,5.669e-05,3841
37.5,6159,5.408e-05,3841
37.6,6159,5.161e-05,3841
37.7,6159,4.926e-05,3841
37.8,6159,4.702e-05,3841
37.9,6159,4.489e-05,3841
38,6159,4.286e-05,3841
38.1,6159,4.092e-05,3841
38.2,6159,3.906e-05,3841
38.3,6159,3.729e-05,3841
38.4,6159,3.558e-05,3841
38.5,6159,3.393e-05,3841
38.6,6159,3.234e-05,3841
38.7,6159,3.082e-05,3841
38.8,6159,2.936e-05,3841
38.9,6159,2.797e-05,3841
39,6159,2.663e-05,3841
39.1,6159,2.536e-05,3841
39.2,6159,2.414e-05,3841
39.3,6159,2.298e-05,3841
39.4,6159,2.188e-05,3841
39.5,6159,2.083e-05,3841
39.6,6159,1.983e-05,3841
39.7,6159,1.889e-05,3841
39.8,6159,1.799e-05,3841
39.9,6159,1.714e-05,3841
40,6159,1.634e-05,3841
40.1,6159,1.558e-05,3841
40.2,6159,1.486e-05,3841
40.3,6159,1.419e-05,3841
40.4,6159,1.355e-05,3841
40.5,6159,1.294e-05,3841
40.6,6159,1.237e-05,3841
40.7,6159,1.183e-05,3841
40.8,6159,1.132e-05,3841
40.9,6159,1.083e-05,3841
41,6159,1.037e-05,3841
41.1,6159,9.928e-06,3841
41.2,6159,9.505e-06,3841
41.3,6159,9.098e-06,3841
41.4,6159,8.703e-06,3841
41.5,6159,8.318e-06,3841
41.6,6159,7.941e-06,3841
41.7,6159,7.57e-06,3841
41.8,6159,7.211e-06,3841
41.9,6159,6.863e-06,3841
42,6159,6.528e-06,3841
42.1,6159,6.205e-06,3841
42.2,6159,5.894e-06,3841
42.3,6159,5.597e-06,3841
42.4,6159,5.311e-06,3841
42.5,6159,5.039e-06,3841
42.6,6159,4.78e-06,3841
42.7,6159,4.533e-06,3841
42.8,6159,4.299e-06,3841
42.9,6159,4.077e-06,3841
43,6159,3.868e-06,3841
43.1,6159,3.671e-06,3841
43.2,6159,3.486e-06,3841
43.3,6159,3.313e-06,3841
43.4,6159,3.151e-06,3841
43.5,6159,3.001e-06,3841
43.6,6159,2.86e-06,3841
43.7,6159,2.731e-06,3841
43.8,6159,2.611e-06,3841
43.9,6159,2.5e-06,3841
44,6159,2.398e-06,3841
44.1,6159,2.304e-06,3841
44.2,6159,2.218e-06,3841
44.3,6159,2.139e-06,3841
44.4,6159,2.065e-06,3841
44.5,6159,1.997e-06,3841
44.6,6159,1.934e-06,3841
44.7,6159,1.875e-06,3841
44.8,6159,1.819e-06,3841
44.9,6159,1.764e-06,3841
45,6159,1.711e-06,3841
45.1,6159,1.658e-06,3841
45.2,6159,1.604e-06,3841
45.3,6159,1.549e-06,3841
45.4,6159,1.49e-06,3841
45.5,6159,1.427e-06,3841
45.6,6159,1.36e-06,3841
45.7,6159,1.293e-06,3841
45.8,6159,1.227e-06,3841
45.9,6159,1.161e-06,3841
46,6159,1.096e-06,3841
46.1,6159,1.032e-06,3841
46.2,6159,9.69e-07,3841
46.3,6159,9.08e-07,3841
46.4,6159,8.488e-07,3841
46.5,6159,7.917e-07,3841
46.6,6159,7.367e-07,3841
46.7,6159,6.84e-07,3841
46.8,6159,6.338e-07,3841
46.9,6159,5.862e-07,3841
47,6159,5.413e-07,3841
47.1,6159,4.992e-07,3841
47.2,6159,4.599e-07,3841
47.3,6159,4.236e-07,3841
47.4,6159,3.903e-07,3841
47.5,6159,3.6e-07,3841
47.6,6159,3.327e-07,3841
47.7,6159,3.084e-07,3841
47.8,6159,2.871e-07,3841
47.9,6159,2.687e-07,3841
48,6159,2.532e-07,3841
48.1,6159,2.406e-07,3841
48.2,6159,2.307e-07,3841
48.3,6159,2.235e-07,3841
48.4,6159,2.188e-07,3841
48.5,6159,2.165e-07,3841
48.6,6159,2.164e-07,3841
48.7,6159,2.184e-07,3841
48.8,6159,2.223e-07,3841
48.9,6159,2.279e-07,3841
49,6159,2.35e-07,3841
49.1,6159,2.434e-07,3841
49.2,6159,2.527e-07,3841
49.3,6159,2.628e-07,3841
49.4,6159,2.734e-07,3841
49.5,6159,2.841e-07,3841
49.6,6159,2.947e-07,3841
49.7,6159,3.049e-07,3841
49.8,6159,3.142e-07,3841
49.9,6159,3.224e-07,3841
50,6159,3.29e-07,3841
50.1,6159,3.337e-07,3841
50.2,6159,3.361e-07,3841
50.3,6159,3.357e-07,3841
50.4,6159,3.321e-07,3841
50.5,6159,3.248e-07,3841
50.6,6159,3.134e-07,3841
50.7,6159,2.982e-07,3841
50.8,6159,2.811e-07,3841
50.9,6159,2.624e-07,3841
51,6159,2.423e-07,3841
51.1,6159,2.211e-07,3841
51.2,6159,1.989e-07,3841
51.3,6159,1.76e-07,3841
51.4,6159,1.525e-07,3841
51.5,6159,1.288e-07,3841
51.6,6159,1.048e-07,3841
51.7,6159,8.086e-08,3841
51.8,6159,5.709e-08,3841
51.9,6159,3.365e-08,3841
52,6159,1.069e-08,3841
52.1,6159,-1.166e-08,3841
52.2,6159,-3.325e-08,3841
52.3,6159,-5.397e-08,3841
52.4,6159,-7.37e-08,3841
52.5,6159,-9.234e-08,3841
52.6,6159,-1.098e-07,3841
52.7,6159,-1.259e-07,3841
52.8,6159,-1.407e-07,3841
52.9,6159,-1.541e-07,3841
53,6159,-1.659e-07,3841
53.1,6159,-1.762e-07,3841
53.2,6159,-1.849e-07,3841
53.3,6159,-1.919e-07,3841
53.4,6159,-1.972e-07,3841
53.5,6159,-2.009e-07,3841
53.6,6159,-2.028e-07,3841
53.7,6159,-2.029e-07,3841
53.8,6159,-2.014e-07,3841
53.9,6159,-1.981e-07,3841
54,6159,-1.931e-07,3841
54.1,6159,-1.864e-07,3841
54.2,6159,-1.78e-07,3841
54.3,6159,-1.681e-07,3841
54.4,6159,-1.566e-07,3841
54.5,6159,-1.436e-07,3841
54.6,6159,-1.292e-07,3841
54.7,6159,-1.134e-07,3841
54.8,6159,-9.629e-08,3841
54.9,6159,-7.804e-08,3841
55,6159,-5.87e-08,3841
55.1,6159,-3.838e-08,3841
55.2,6159,-1.72e-08,3841
55.3,6159,4.713e-09,3841
55.4,6159,2.723e-08,3841
55.5,6159,5.022e-08,3841
55.6,6159,7.352e-08,3841
55.7,6159,9.698e-08,3841
55.8,6159,1.204e-07,3841
55.9,6159,1.437e-07,3841
56,6159,1.666e-07,3841
56.1,6159,1.89e-07,3841
56.2,6159,2.106e-07,3841
56.3,6159,2.312e-07,3841
56.4,6159,2.507e-07,3841
56.5,6159,2.688e-07,3841
56.6,6159,2.852e-07,3841
56.7,6159,2.998e-07,3841
56.8,6159,3.123e-07,3841
56.9,6159,3.224e-07,3841
57,6159,3.299e-07,3841
57.1,6159,3.344e-07,3841
57.2,6159,3.358e-07,3841
57.3,6159,3.337e-07,3841
57.4,6159,3.278e-07,3841
57.5,6159,3.178e-07,3841
57.6,6159,3.032e-07,3841
57.7,6159,2.818e-07,3841
57.8,6159,2.537e-07,3841
57.9,6159,2.195e-07,3841
58,6159,1.797e-07,3841
58.1,6159,1.35e-07,3841
58.2,6159,8.584e-08,3841
58.3,6159,3.287e-08,3841
58.4,6159,-2.342e-08,3841
58.5,6159,-8.252e-08,3841
58.6,6159,-1.439e-07,3841
58.7,6159,-2.072e-07,3841
58.8,6159,-2.718e-07,3841
58.9,6159,-3.374e-07,3841
59,6159,-4.034e-07,3841
59.1,6159,-4.695e-07,3841
59.2,6159,-5.353e-07,3841
59.3,6159,-6.004e-07,3841
59.4,6159,-6.645e-07,3841
59.5,6159,-7.271e-07,3841
59.6,6159,-7.88e-07,3841
59.7,6159,-8.468e-07,3841
59.8,6159,-9.033e-07,3841
59.9,6159,-9.571e-07,3841
60,6159,-1.008e-06,3841
60.1,6159,-1.056e-06,3841
60.2,6159,-1.1e-06,3841
60.3,6159,-1.141e-06,3841
60.4,6159,-1.178e-06,3841
60.5,6159,-1.21e-06,3841
60.6,6159,-1.239e-06,3841
60.7,6159,-1.263e-06,3841
60.8,6159,-1.283e-06,3841
60.9,6159,-1.299e-06,3841
61,6159,-1.309e-06,3841
61.1,6159,-1.315e-06,3841
61.2,6159,-1.316e-06,3841
61.3,6159,-1.312e-06,3841
61.4,6159,-1.303e-06,3841
61.5,6159,-1.289e-06,3841
61.6,6159,-1.27e-06,3841
61.7,6159,-1.246e-06,3841
61.8,6159,-1.217e-06,3841
61.9,6159,-1.184e-06,3841
62,6159,-1.145e-06,3841
62.1,6159,-1.101e-06,3841
62.2,6159,-1.053e-06,3841
62.3,6159,-1.001e-06,3841
62.4,6159,-9.434e-07,3841
62.5,6159,-8.818e-07,3841
62.6,6159,-8.161e-07,3841
62.7,6159,-7.464e-07,3841
62.8,6159,-6.728e-07,3841
62.9,6159,-5.957e-07,3841
63,6159,-5.151e-07,3841
63.1,6159,-4.314e-07,3841
63.2,6159,-3.447e-07,3841
63.3,6159,-2.555e-07,3841
63.4,6159,-1.638e-07,3841
63.5,6159,-7.014e-08,3841
63.6,6159,2.53e-08,3841
63.7,6159,1.221e-07,3841
63.8,6159,2.2e-07,3841
63.9,6159,3.186e-07,3841
64,6159,4.175e-07,3841
64.1,6159,5.163e-07,3841
64.2,6159,6.146e-07,3841
64.3,6159,7.12e-07,3841
64.4,6159,8.08e-07,3841
64.5,6159,9.021e-07,3841
64.6,6159,9.939e-07,3841
64.7,6159,1.083e-06,3841
64.8,6159,1.169e-06,3841
64.9,6159,1.25e-06,3841
65,6159,1.328e-06,3841
65.1,6159,1.4e-06,3841
65.2,6159,1.467e-06,3841
65.3,6159,1.528e-06,3841
65.4,6159,1.582e-06,3841
65.5,6159,1.629e-06,3841
65.6,6159,1.667e-06,3841
65.7,6159,1.697e-06,3841
65.8,6159,1.718e-06,3841
65.9,6159,1.728e-06,3841
66,6159,1.728e-06,3841
66.1,6159,1.717e-06,3841
66.2,6159,1.693e-06,3841
66.3,6159,1.656e-06,3841
66.4,6159,1.605e-06,3841
66.5,6159,1.54e-06,3841
66.6,6159,1.465e-06,3841
66.7,6159,1.385e-06,3841
66.8,6159,1.301e-06,3841
66.9,6159,1.214e-06,3841
67,6159,1.126e-06,3841
67.1,6159,1.035e-06,3841
67.2,6159,9.441e-07,3841
67.3,6159,8.527e-07,3841
67.4,6159,7.616e-07,3841
67.5,6159,6.716e-07,3841
67.6,6159,5.83e-07,3841
67.7,6159,4.965e-07,3841
67.8,6159,4.124e-07,3841
67.9,6159,3.313e-07,3841
68,6159,2.536e-07,3841
68.1,6159,1.795e-07,3841
68.2,6159,1.096e-07,3841
68.3,6159,4.407e-08,3841
68.4,6159,-1.675e-08,3841
68.5,6159,-7.261e-08,3841
68.6,6159,-1.233e-07,3841
68.7,6159,-1.686e-07,3841
68.8,6159,-2.083e-07,3841
68.9,6159,-2.423e-07,3841
69,6159,-2.705e-07,3841
69.1,6159,-2.929e-07,3841
69.2,6159,-3.094e-07,3841
69.3,6159,-3.199e-07,3841
69.4,6159,-3.245e-07,3841
69.5,6159,-3.233e-07,3841
69.6,6159,-3.163e-07,3841
69.7,6159,-3.037e-07,3841
69.8,6159,-2.855e-07,3841
69.9,6159,-2.621e-07,3841
70,6159,-2.334e-07,3841
70.1,6159,-1.999e-07,3841
70.2,6159,-1.618e-07,3841
70.3,6159,-1.194e-07,3841
70.4,6159,-7.296e-08,3841
70.5,6159,-2.291e-08,3841
70.6,6159,3.038e-08,3841
70.7,6159,8.647e-08,3841
70.8,6159,1.449e-07,3841
70.9,6159,2.052e-07,3841
71,6159,2.669e-07,3841
71.1,6159,3.293e-07,3841
71.2,6159,3.92e-07,3841
71.3,6159,4.543e-07,3841
71.4,6159,5.155e-07,3841
71.5,6159,5.75e-07,3841
71.6,6159,6.322e-07,3841
71.7,6159,6.861e-07,3841
71.8,6159,7.362e-07,3841
71.9,6159,7.815e-07,3841
72,6159,8.213e-07,3841
72.1,6159,8.546e-07,3841
72.2,6159,8.807e-07,3841
72.3,6159,8.986e-07,3841
72.4,6159,9.072e-07,3841
72.5,6159,9.058e-07,3841
72.6,6159,8.931e-07,3841
72.7,6159,8.682e-07,3841
72.8,6159,8.307e-07,3841
72.9,6159,7.882e-07,3841
73,6159,7.433e-07,3841
73.1,6159,6.966e-07,3841
73.2,6159,6.485e-07,3841
73.3,6159,5.993e-07,3841
73.4,6159,5.494e-07,3841
73.5,6159,4.992e-07,3841
73.6,6159,4.49e-07,3841
73.7,6159,3.991e-07,3841
73.8,6159,3.499e-07,3841
73.9,6159,3.016e-07,3841
74,6159,2.546e-07,3841
74.1,6159,2.09e-07,3841
74.2,6159,1.651e-07,3841
74.3,6159,1.231e-07,3841
74.4,6159,8.331e-08,3841
74.5,6159,4.58e-08,3841
74.6,6159,1.078e-08,3841
74.7,6159,-2.159e-08,3841
74.8,6159,-5.119e-08,3841
74.9,6159,-7.789e-08,3841
75,6159,-1.016e-07,3841
75.1,6159,-1.222e-07,3841
75.2,6159,-1.397e-07,3841
75.3,6159,-1.539e-07,3841
75.4,6159,-1.649e-07,3841
75.5,6159,-1.727e-07,3841
75.6,6159,-1.772e-07,3841
75.7,6159,-1.785e-07,3841
75.8,6159,-1.766e-07,3841
75.9,6159,-1.715e-07,3841
76,6159,-1.634e-07,3841
76.1,6159,-1.522e-07,3841
76.2,6159,-1.382e-07,3841
76.3,6159,-1.214e-07,3841
76.4,6159,-1.02e-07,3841
76.5,6159,-8.006e-08,3841
76.6,6159,-5.585e-08,3841
76.7,6159,-2.953e-08,3841
76.8,6159,-1.289e-09,3841
76.9,6159,2.863e-08,3841
77,6159,6e-08,3841
77.1,6159,9.256e-08,3841
77.2,6159,1.26e-07,3841
77.3,6159,1.601e-07,3841
77.4,6159,1.945e-07,3841
77.5,6159,2.29e-07,3841
77.6,6159,2.63e-07,3841
77.7,6159,2.963e-07,3841
77.8,6159,3.286e-07,3841
77.9,6159,3.593e-07,3841
78,6159,3.882e-07,3841
78.1,6159,4.147e-07,3841
78.2,6159,4.385e-07,3841
78.3,6159,4.591e-07,3841
78.4,6159,4.759e-07,3841
78.5,6159,4.885e-07,3841
78.6,6159,4.964e-07,3841
78.7,6159,4.99e-07,3841
78.8,6159,4.959e-07,3841
78.9,6159,4.864e-07,3841
79,6159,4.699e-07,3841
79.1,6159,4.468e-07,3841
79.2,6159,4.195e-07,3841
79.3,6159,3.884e-07,3841
79.4,6159,3.542e-07,3841
79.5,6159,3.171e-07,3841
79.6,6159,2.777e-07,3841
79.7,6159,2.363e-07,3841
79.8,6159,1.934e-07,3841
79.9,6159,1.493e-07,3841
80,6159,1.043e-07,3841
80.1,6159,5.886e-08,3841
80.2,6159,1.329e-08,3841
80.3,6159,-3.209e-08,3841
80.4,6159,-7.7e-08,3841
80.5,6159,-1.211e-07,3841
80.6,6159,-1.642e-07,3841
80.7,6159,-2.06e-07,3841
80.8,6159,-2.462e-07,3841
80.9,6159,-2.846e-07,3841
81,6159,-3.21e-07,3841
81.1,6159,-3.553e-07,3841
81.2,6159,-3.871e-07,3841
81.3,6159,-4.164e-07,3841
81.4,6159,-4.43e-07,3841
81.5,6159,-4.667e-07,3841
81.6,6159,-4.875e-07,3841
81.7,6159,-5.052e-07,3841
81.8,6159,-5.196e-07,3841
81.9,6159,-5.309e-07,3841
82,6159,-5.388e-07,3841
82.1,6159,-5.433e-07,3841
82.2,6159,-5.444e-07,3841
82.3,6159,-5.421e-07,3841
82.4,6159,-5.363e-07,3841
82.5,6159,-5.271e-07,3841
82.6,6159,-5.145e-07,3841
82.7,6159,-4.985e-07,3841
82.8,6159,-4.792e-07,3841
82.9,6159,-4.567e-07,3841
83,6159,-4.31e-07,3841
83.1,6159,-4.022e-07,3841
83.2,6159,-3.705e-07,3841
83.3,6159,-3.359e-07,3841
83.4,6159,-2.987e-07,3841
83.5,6159,-2.59e-07,3841
83.6,6159,-2.169e-07,3841
83.7,6159,-1.726e-07,3841
83.8,6159,-1.264e-07,3841
83.9,6159,-7.847e-08,3841
84,6159,-2.902e-08,3841
84.1,6159,2.168e-08,3841
84.2,6159,7.338e-08,3841
84.3,6159,1.258e-07,3841
84.4,6159,1.786e-07,3841
84.5,6159,2.316e-07,3841
84.6,6159,2.843e-07,3841
84.7,6159,3.365e-07,3841
84.8,6159,3.878e-07,3841
84.9,6159,4.379e-07,3841
85,6159,4.863e-07,3841
85.1,6159,5.326e-07,3841
85.2,6159,5.765e-07,3841
85.3,6159,6.175e-07,3841
85.4,6159,6.552e-07,3841
85.5,6159,6.891e-07,3841
85.6,6159,7.188e-07,3841
85.7,6159,7.437e-07,3841
85.8,6159,7.633e-07,3841
85.9,6159,7.772e-07,3841
86,6159,7.848e-07,3841
86.1,6159,7.856e-07,3841
86.2,6159,7.79e-07,3841
86.3,6159,7.644e-07,3841
86.4,6159,7.412e-07,3841
86.5,6159,7.088e-07,3841
86.6,6159,6.66e-07,3841
86.7,6159,6.134e-07,3841
86.8,6159,5.52e-07,3841
86.9,6159,4.827e-07,3841
87,6159,4.065e-07,3841
87.1,6159,3.243e-07,3841
87.2,6159,2.369e-07,3841
87.3,6159,1.454e-07,3841
87.4,6159,5.039e-08,3841
87.5,6159,-4.724e-08,3841
87.6,6159,-1.467e-07,3841
87.7,6159,-2.474e-07,3841
87.8,6159,-3.484e-07,3841
87.9,6159,-4.492e-07,3841
88,6159,-5.49e-07,3841
88.1,6159,-6.474e-07,3841
88.2,6159,-7.436e-07,3841
88.3,6159,-8.371e-07,3841
88.4,6159,-9.274e-07,3841
88.5,6159,-1.014e-06,3841
88.6,6159,-1.096e-06,3841
88.7,6159,-1.174e-06,3841
88.8,6159,-1.247e-06,3841
88.9,6159,-1.314e-06,3841
89,6159,-1.376e-06,3841
89.1,6159,-1.431e-06,3841
89.2,6159,-1.48e-06,3841
89.3,6159,-1.522e-06,3841
89.4,6159,-1.558e-06,3841
89.5,6159,-1.586e-06,3841
89.6,6159,-1.607e-06,3841
89.7,6159,-1.62e-06,3841
89.8,6159,-1.626e-06,3841
89.9,6159,-1.625e-06,3841
90,6159,-1.615e-06,3841
90.1,6159,-1.598e-06,3841
90.2,6159,-1.573e-06,3841
90.3,6159,-1.54e-06,3841
90.4,6159,-1.5e-06,3841
90.5,6159,-1.452e-06,3841
90.6,6159,-1.397e-06,3841
90.7,6159,-1.334e-06,3841
90.8,6159,-1.264e-06,3841
90.9,6159,-1.187e-06,3841
91,6159,-1.103e-06,3841
91.1,6159,-1.013e-06,3841
91.2,6159,-9.172e-07,3841
91.3,6159,-8.152e-07,3841
91.4,6159,-7.077e-07,3841
91.5,6159,-5.95e-07,3841
91.6,6159,-4.777e-07,3841
91.7,6159,-3.561e-07,3841
91.8,6159,-2.307e-07,3841
91.9,6159,-1.021e-07,3841
92,6159,2.938e-08,3841
92.1,6159,1.63e-07,3841
92.2,6159,2.983e-07,3841
92.3,6159,4.346e-07,3841
92.4,6159,5.712e-07,3841
92.5,6159,7.075e-07,3841
92.6,6159,8.429e-07,3841
92.7,6159,9.764e-07,3841
92.8,6159,1.107e-06,3841
92.9,6159,1.235e-06,3841
93,6159,1.359e-06,3841
93.1,6159,1.477e-06,3841
93.2,6159,1.59e-06,3841
93.3,6159,1.696e-06,3841
93.4,6159,1.794e-06,3841
93.5,6159,1.884e-06,3841
93.6,6159,1.964e-06,3841
93.7,6159,2.033e-06,3841
93.8,6159,2.091e-06,3841
93.9,6159,2.135e-06,3841
94,6159,2.166e-06,3841
94.1,6159,2.182e-06,3841
94.2,6159,2.181e-06,3841
94.3,6159,2.163e-06,3841
94.4,6159,2.126e-06,3841
94.5,6159,2.069e-06,3841
94.6,6159,1.99e-06,3841
94.7,6159,1.895e-06,3841
94.8,6159,1.795e-06,3841
94.9,6159,1.69e-06,3841
95,6159,1.582e-06,3841
95.1,6159,1.472e-06,3841
95.2,6159,1.361e-06,3841
95.3,6159,1.249e-06,3841
95.4,6159,1.137e-06,3841
95.5,6159,1.026e-06,3841
95.6,6159,9.158e-07,3841
95.7,6159,8.081e-07,3841
95.8,6159,7.03e-07,3841
95.9,6159,6.011e-07,3841
96,6159,5.03e-07,3841
96.1,6159,4.091e-07,3841
96.2,6159,3.198e-07,3841
96.3,6159,2.356e-07,3841
96.4,6159,1.567e-07,3841
96.5,6159,8.37e-08,3841
96.6,6159,1.669e-08,3841
96.7,6159,-4.402e-08,3841
96.8,6159,-9.821e-08,3841
96.9,6159,-1.457e-07,3841
97,6159,-1.864e-07,3841
97.1,6159,-2.201e-07,3841
97.2,6159,-2.468e-07,3841
97.3,6159,-2.665e-07,3841
97.4,6159,-2.792e-07,3841
97.5,6159,-2.849e-07,3841
97.6,6159,-2.837e-07,3841
97.7,6159,-2.757e-07,3841
97.8,6159,-2.611e-07,3841
97.9,6159,-2.401e-07,3841
98,6159,-2.129e-07,3841
98.1,6159,-1.798e-07,3841
98.2,6159,-1.411e-07,3841
98.3,6159,-9.716e-08,3841
98.4,6159,-4.833e-08,3841
98.5,6159,4.948e-09,3841
98.6,6159,6.222e-08,3841
98.7,6159,1.23e-07,3841
98.8,6159,1.867e-07,3841
98.9,6159,2.528e-07,3841
99,6159,3.207e-07,3841
99.1,6159,3.897e-07,3841
99.2,6159,4.592e-07,3841
99.3,6159,5.284e-07,3841
99.4,6159,5.965e-07,3841
99.5,6159,6.628e-07,3841
99.6,6159,7.265e-07,3841
99.7,6159,7.866e-07,3841
99.8,6159,8.422e-07,3841
99.9,6159,8.925e-07,3841
100,6159,9.364e-07,3841
100.1,6159,9.728e-07,3841
100.2,6159,1.001e-06,3841
100.3,6159,1.019e-06,3841
100.4,6159,1.027e-06,3841
100.5,6159,1.023e-06,3841
100.6,6159,1.006e-06,3841
100.7,6159,9.741e-07,3841
100.8,6159,9.293e-07,3841
100.9,6159,8.81e-07,3841
101,6159,8.306e-07,3841
101.1,6159,7.786e-07,3841
101.2,6159,7.254e-07,3841
101.3,6159,6.715e-07,3841
101.4,6159,6.171e-07,3841
101.5,6159,5.627e-07,3841
101.6,6159,5.086e-07,3841
101.7,6159,4.552e-07,3841
101.8,6159,4.026e-07,3841
101.9,6159,3.514e-07,3841
102,6159,3.016e-07,3841
102.1,6159,2.536e-07,3841
102.2,6159,2.075e-07,3841
102.3,6159,1.637e-07,3841
102.4,6159,1.224e-07,3841
102.5,6159,8.357e-08,3841
102.6,6159,4.754e-08,3841
102.7,6159,1.442e-08,3841
102.8,6159,-1.567e-08,3841
102.9,6159,-4.262e-08,3841
103,6159,-6.634e-08,3841
103.1,6159,-8.675e-08,3841
103.2,6159,-1.038e-07,3841
103.3,6159,-1.175e-07,3841
103.4,6159,-1.277e-07,3841
103.5,6159,-1.345e-07,3841
103.6,6159,-1.38e-07,3841
103.7,6159,-1.381e-07,3841
103.8,6159,-1.349e-07,3841
103.9,6159,-1.284e-07,3841
104,6159,-1.188e-07,3841
104.1,6159,-1.062e-07,3841
104.2,6159,-9.074e-08,3841
104.3,6159,-7.249e-08,3841
104.4,6159,-5.165e-08,3841
104.5,6159,-2.842e-08,3841
104.6,6159,-2.977e-09,3841
104.7,6159,2.445e-08,3841
104.8,6159,5.361e-08,3841
104.9,6159,8.427e-08,3841
105,6159,1.161e-07,3841
105.1,6159,1.489e-07,3841
105.2,6159,1.824e-07,3841
105.3,6159,2.16e-07,3841
105.4,6159,2.497e-07,3841
105.5,6159,2.829e-07,3841
105.6,6159,3.153e-07,3841
105.7,6159,3.465e-07,3841
105.8,6159,3.76e-07,3841
105.9,6159,4.035e-07,3841
106,6159,4.285e-07,3841
106.1,6159,4.504e-07,3841
106.2,6159,4.689e-07,3841
106.3,6159,4.833e-07,3841
106.4,6159,4.933e-07,3841
106.5,6159,4.981e-07,3841
106.6,6159,4.973e-07,3841
106.7,6159,4.903e-07,3841
106.8,6159,4.764e-07,3841
106.9,6159,4.554e-07,3841
107,6159,4.299e-07,3841
107.1,6159,4.01e-07,3841
107.2,6159,3.691e-07,3841
107.3,6159,3.346e-07,3841
107.4,6159,2.979e-07,3841
107.5,6159,2.594e-07,3841
107.6,6159,2.195e-07,3841
107.7,6159,1.785e-07,3841
107.8,6159,1.368e-07,3841
107.9,6159,9.468e-08,3841
108,6159,5.244e-08,3841
108.1,6159,1.039e-08,3841
108.2,6159,-3.119e-08,3841
108.3,6159,-7.203e-08,3841
108.4,6159,-1.119e-07,3841
108.5,6159,-1.505e-07,3841
108.6,6159,-1.876e-07,3841
108.7,6159,-2.231e-07,3841
108.8,6159,-2.567e-07,3841
108.9,6159,-2.882e-07,3841
109,6159,-3.175e-07,3841
109.1,6159,-3.445e-07,3841
109.2,6159,-3.689e-07,3841
109.3,6159,-3.906e-07,3841
109.4,6159,-4.097e-07,3841
109.5,6159,-4.258e-07,3841
109.6,6159,-4.39e-07,3841
109.7,6159,-4.492e-07,3841
109.8,6159,-4.563e-07,3841
109.9,6159,-4.603e-07,3841
110,6159,-4.612e-07,3841
110.1,6159,-4.589e-07,3841
110.2,6159,-4.534e-07,3841
110.3,6159,-4.448e-07,3841
110.4,6159,-4.331e-07,3841
110.5,6159,-4.183e-07,3841
110.6,6159,-4.005e-07,3841
110.7,6159,-3.797e-07,3841
110.8,6159,-3.561e-07,3841
110.9,6159,-3.297e-07,3841
111,6159,-3.007e-07,3841
111.1,6159,-2.692e-07,3841
111.2,6159,-2.352e-07,3841
111.3,6159,-1.991e-07,3841
111.4,6159,-1.609e-07,3841
111.5,6159,-1.208e-07,3841
111.6,6159,-7.9e-08,3841
111.7,6159,-3.576e-08,3841
111.8,6159,8.71e-09,3841
111.9,6159,5.418e-08,3841
112,6159,1.004e-07,3841
112.1,6159,1.471e-07,3841
112.2,6159,1.94e-07,3841
112.3,6159,2.408e-07,3841
112.4,6159,2.872e-07,3841
112.5,6159,3.328e-07,3841
112.6,6159,3.774e-07,3841
112.7,6159,4.205e-07,3841
112.8,6159,4.619e-07,3841
112.9,6159,5.011e-07,3841
113,6159,5.377e-07,3841
113.1,6159,5.713e-07,3841
113.2,6159,6.015e-07,3841
113.3,6159,6.279e-07,3841
113.4,6159,6.5e-07,3841
113.5,6159,6.674e-07,3841
113.6,6159,6.795e-07,3841
113.7,6159,6.859e-07,3841
113.8,6159,6.86e-07,3841
113.9,6159,6.794e-07,3841
114,6159,6.655e-07,3841
114.1,6159,6.437e-07,3841
114.2,6159,6.134e-07,3841
114.3,6159,5.738e-07,3841
114.4,6159,5.256e-07,3841
114.5,6159,4.697e-07,3841
114.6,6159,4.07e-07,3841
114.7,6159,3.382e-07,3841
114.8,6159,2.643e-07,3841
114.9,6159,1.859e-07,3841
115,6159,1.039e-07,3841
115.1,6159,1.897e-08,3841
115.2,6159,-6.822e-08,3841
115.3,6159,-1.57e-07,3841
115.4,6159,-2.466e-07,3841
115.5,6159,-3.365e-07,3841
115.6,6159,-4.261e-07,3841
115.7,6159,-5.149e-07,3841
115.8,6159,-6.021e-07,3841
115.9,6159,-6.874e-07,3841
116,6159,-7.703e-07,3841
116.1,6159,-8.502e-07,3841
116.2,6159,-9.268e-07,3841
116.3,6159,-9.996e-07,3841
116.4,6159,-1.068e-06,3841
116.5,6159,-1.132e-06,3841
116.6,6159,-1.192e-06,3841
116.7,6159,-1.246e-06,3841
116.8,6159,-1.294e-06,3841
116.9,6159,-1.337e-06,3841
117,6159,-1.374e-06,3841
117.1,6159,-1.404e-06,3841
117.2,6159,-1.429e-06,3841
117.3,6159,-1.447e-06,3841
117.4,6159,-1.458e-06,3841
117.5,6159,-1.462e-06,3841
117.6,6159,-1.46e-06,3841
117.7,6159,-1.451e-06,3841
117.8,6159,-1.434e-06,3841
117.9,6159,-1.411e-06,3841
118,6159,-1.381e-06,3841
118.1,6159,-1.345e-06,3841
118.2,6159,-1.301e-06,3841
118.3,6159,-1.251e-06,3841
118.4,6159,-1.194e-06,3841
118.5,6159,-1.131e-06,3841
118.6,6159,-1.062e-06,3841
118.7,6159,-9.867e-07,3841
118.8,6159,-9.058e-07,3841
118.9,6159,-8.194e-07,3841
119,6159,-7.278e-07,3841
119.1,6159,-6.314e-07,3841
119.2,6159,-5.304e-07,3841
119.3,6159,-4.253e-07,3841
119.4,6159,-3.164e-07,3841
119.5,6159,-2.041e-07,3841
119.6,6159,-8.895e-08,3841
119.7,6159,2.868e-08,3841
119.8,6159,1.483e-07,3841
119.9,6159,2.693e-07,3841
120,6159,3.912e-07,3841
120.1,6159,5.134e-07,3841
120.2,6159,6.353e-07,3841
120.3,6159,7.563e-07,3841
120.4,6159,8.758e-07,3841
120.5,6159,9.93e-07,3841
120.6,6159,1.107e-06,3841
120.7,6159,1.218e-06,3841
120.8,6159,1.324e-06,3841
120.9,6159,1.425e-06,3841
121,6159,1.52e-06,3841
121.1,6159,1.608e-06,3841
121.2,6159,1.688e-06,3841
121.3,6159,1.76e-06,3841
121.4,6159,1.823e-06,3841
121.5,6159,1.874e-06,3841
121.6,6159,1.915e-06,3841
121.7,6159,1.943e-06,3841
121.8,6159,1.957e-06,3841
121.9,6159,1.958e-06,3841
122,6159,1.942e-06,3841
122.1,6159,1.91e-06,3841
122.2,6159,1.861e-06,3841
122.3,6159,1.792e-06,3841
122.4,6159,1.707e-06,3841
122.5,6159,1.617e-06,3841
122.6,6159,1.522e-06,3841
122.7,6159,1.423e-06,3841
122.8,6159,1.323e-06,3841
122.9,6159,1.22e-06,3841
123,6159,1.116e-06,3841
123.1,6159,1.012e-06,3841
123.2,6159,9.086e-07,3841
123.3,6159,8.06e-07,3841
123.4,6159,7.051e-07,3841
123.5,6159,6.063e-07,3841
123.6,6159,5.103e-07,3841
123.7,6159,4.176e-07,3841
123.8,6159,3.286e-07,3841
123.9,6159,2.438e-07,3841
124,6159,1.636e-07,3841
124.1,6159,8.837e-08,3841
124.2,6159,1.84e-08,3841
124.3,6159,-4.599e-08,3841
124.4,6159,-1.045e-07,3841
124.5,6159,-1.57e-07,3841
124.6,6159,-2.032e-07,3841
124.7,6159,-2.431e-07,3841
124.8,6159,-2.763e-07,3841
124.9,6159,-3.03e-07,3841
125,6159,-3.229e-07,3841
125.1,6159,-3.362e-07,3841
125.2,6159,-3.429e-07,3841
125.3,6159,-3.429e-07,3841
125.4,6159,-3.364e-07,3841
125.5,6159,-3.235e-07,3841
125.6,6159,-3.043e-07,3841
125.7,6159,-2.792e-07,3841
125.8,6159,-2.482e-07,3841
125.9,6159,-2.117e-07,3841
126,6159,-1.7e-07,3841
126.1,6159,-1.234e-07,3841
126.2,6159,-7.223e-08,3841
126.3,6159,-1.698e-08,3841
126.4,6159,4.195e-08,3841
126.5,6159,1.041e-07,3841
126.6,6159,1.688e-07,3841
126.7,6159,2.357e-07,3841
126.8,6159,3.042e-07,3841
126.9,6159,3.736e-07,3841
127,6159,4.432e-07,3841
127.1,6159,5.124e-07,3841
127.2,6159,5.804e-07,3841
127.3,6159,6.466e-07,3841
127.4,6159,7.1e-07,3841
127.5,6159,7.699e-07,3841
127.6,6159,8.253e-07,3841
127.7,6159,8.755e-07,3841
127.8,6159,9.194e-07,3841
127.9,6159,9.561e-07,3841
128,6159,9.845e-07,3841
128.1,6159,1.004e-06,3841
128.2,6159,1.012e-06,3841
128.3,6159,1.01e-06,3841
128.4,6159,9.946e-07,3841
128.5,6159,9.655e-07,3841
128.6,6159,9.226e-07,3841
128.7,6159,8.75e-07,3841
128.8,6159,8.25e-07,3841
128.9,6159,7.73e-07,3841
129,6159,7.195e-07,3841
129.1,6159,6.65e-07,3841
129.2,6159,6.098e-07,3841
129.3,6159,5.544e-07,3841
129.4,6159,4.99e-07,3841
129.5,6159,4.442e-07,3841
129.6,6159,3.901e-07,3841
129.7,6159,3.371e-07,3841
129.8,6159,2.855e-07,3841
129.9,6159,2.356e-07,3841
130,6159,1.876e-07,3841
130.1,6159,1.418e-07,3841
130.2,6159,9.832e-08,3841
130.3,6159,5.748e-08,3841
130.4,6159,1.941e-08,3841
130.5,6159,-1.573e-08,3841
130.6,6159,-4.778e-08,3841
130.7,6159,-7.663e-08,3841
130.8,6159,-1.022e-07,3841
130.9,6159,-1.243e-07,3841
131,6159,-1.43e-07,3841
131.1,6159,-1.581e-07,3841
131.2,6159,-1.697e-07,3841
131.3,6159,-1.777e-07,3841
131.4,6159,-1.822e-07,3841
131.5,6159,-1.832e-07,3841
131.6,6159,-1.806e-07,3841
131.7,6159,-1.746e-07,3841
131.8,6159,-1.653e-07,3841
131.9,6159,-1.527e-07,3841
132,6159,-1.37e-07,3841
132.1,6159,-1.183e-07,3841
132.2,6159,-9.679e-08,3841
132.3,6159,-7.26e-08,3841
132.4,6159,-4.595e-08,3841
132.5,6159,-1.705e-08,3841
132.6,6159,1.387e-08,3841
132.7,6159,4.656e-08,3841
132.8,6159,8.075e-08,3841
132.9,6159,1.162e-07,3841
133,6159,1.525e-07,3841
133.1,6159,1.894e-07,3841
133.2,6159,2.265e-07,3841
133.3,6159,2.635e-07,3841
133.4,6159,3e-07,3841
133.5,6159,3.355e-07,3841
133.6,6159,3.698e-07,3841
133.7,6159,4.022e-07,3841
133.8,6159,4.325e-07,3841
133.9,6159,4.6e-07,3841
134,6159,4.843e-07,3841
134.1,6159,5.05e-07,3841
134.2,6159,5.214e-07,3841
134.3,6159,5.329e-07,3841
134.4,6159,5.392e-07,3841
134.5,6159,5.394e-07,3841
134.6,6159,5.331e-07,3841
134.7,6159,5.196e-07,3841
134.8,6159,4.984e-07,3841
134.9,6159,4.716e-07,3841
135,6159,4.41e-07,3841
135.1,6159,4.071e-07,3841
135.2,6159,3.703e-07,3841
135.3,6159,3.31e-07,3841
135.4,6159,2.897e-07,3841
135.5,6159,2.468e-07,3841
135.6,6159,2.026e-07,3841
135.7,6159,1.576e-07,3841
135.8,6159,1.12e-07,3841
135.9,6159,6.622e-08,3841
136,6159,2.059e-08,3841
136.1,6159,-2.459e-08,3841
136.2,6159,-6.903e-08,3841
136.3,6159,-1.124e-07,3841
136.4,6159,-1.546e-07,3841
136.5,6159,-1.952e-07,3841
136.6,6159,-2.34e-07,3841
136.7,6159,-2.709e-07,3841
136.8,6159,-3.055e-07,3841
136.9,6159,-3.378e-07,3841
137,6159,-3.676e-07,3841
137.1,6159,-3.946e-07,3841
137.2,6159,-4.189e-07,3841
137.3,6159,-4.401e-07,3841
137.4,6159,-4.583e-07,3841
137.5,6159,-4.733e-07,3841
137.6,6159,-4.85e-07,3841
137.7,6159,-4.935e-07,3841
137.8,6159,-4.985e-07,3841
137.9,6159,-5.002e-07,3841
138,6159,-4.984e-07,3841
138.1,6159,-4.933e-07,3841
138.2,6159,-4.847e-07,3841
138.3,6159,-4.727e-07,3841
138.4,6159,-4.574e-07,3841
138.5,6159,-4.388e-07,3841
138.6,6159,-4.17e-07,3841
138.7,6159,-3.921e-07,3841
138.8,6159,-3.641e-07,3841
138.9,6159,-3.333e-07,3841
139,6159,-2.997e-07,3841
139.1,6159,-2.635e-07,3841
139.2,6159,-2.248e-07,3841
139.3,6159,-1.838e-07,3841
139.4,6159,-1.408e-07,3841
139.5,6159,-9.592e-08,3841
139.6,6159,-4.939e-08,3841
139.7,6159,-1.458e-09,3841
139.8,6159,4.761e-08,3841
139.9,6159,9.756e-08,3841
140,6159,1.481e-07,3841
140.1,6159,1.989e-07,3841
140.2,6159,2.497e-07,3841
140.3,6159,3.001e-07,3841
140.4,6159,3.498e-07,3841
140.5,6159,3.984e-07,3841
140.6,6159,4.455e-07,3841
140.7,6159,4.908e-07,3841
140.8,6159,5.338e-07,3841
140.9,6159,5.742e-07,3841
141,6159,6.114e-07,3841
141.1,6159,6.451e-07,3841
141.2,6159,6.746e-07,3841
141.3,6159,6.997e-07,3841
141.4,6159,7.197e-07,3841
141.5,6159,7.342e-07,3841
141.6,6159,7.425e-07,3841
141.7,6159,7.443e-07,3841
141.8,6159,7.388e-07,3841
141.9,6159,7.256e-07,3841
142,6159,7.04e-07,3841
142.1,6159,6.734e-07,3841
142.2,6159,6.334e-07,3841
142.3,6159,5.845e-07,3841
142.4,6159,5.279e-07,3841
142.5,6159,4.642e-07,3841
142.6,6159,3.945e-07,3841
142.7,6159,3.194e-07,3841
142.8,6159,2.399e-07,3841
142.9,6159,1.566e-07,3841
143,6159,7.037e-08,3841
143.1,6159,-1.809e-08,3841
143.2,6159,-1.081e-07,3841
143.3,6159,-1.99e-07,3841
143.4,6159,-2.902e-07,3841
143.5,6159,-3.809e-07,3841
143.6,6159,-4.708e-07,3841
143.7,6159,-5.591e-07,3841
143.8,6159,-6.453e-07,3841
143.9,6159,-7.291e-07,3841
144,6159,-8.097e-07,3841
144.1,6159,-8.87e-07,3841
144.2,6159,-9.603e-07,3841
144.3,6159,-1.029e-06,3841
144.4,6159,-1.094e-06,3841
144.5,6159,-1.153e-06,3841
144.6,6159,-1.207e-06,3841
144.7,6159,-1.255e-06,3841
144.8,6159,-1.298e-06,3841
144.9,6159,-1.334e-06,3841
145,6159,-1.365e-06,3841
145.1,6159,-1.388e-06,3841
145.2,6159,-1.405e-06,3841
145.3,6159,-1.416e-06,3841
145.4,6159,-1.419e-06,3841
145.5,6159,-1.415e-06,3841
145.6,6159,-1.405e-06,3841
145.7,6159,-1.387e-06,3841
145.8,6159,-1.363e-06,3841
145.9,6159,-1.331e-06,3841
146,6159,-1.293e-06,3841
146.1,6159,-1.248e-06,3841
146.2,6159,-1.196e-06,3841
146.3,6159,-1.137e-06,3841
146.4,6159,-1.073e-06,3841
146.5,6159,-1.002e-06,3841
146.6,6159,-9.249e-07,3841
146.7,6159,-8.424e-07,3841
146.8,6159,-7.544e-07,3841
146.9,6159,-6.614e-07,3841
147,6159,-5.636e-07,3841
147.1,6159,-4.614e-07,3841
147.2,6159,-3.552e-07,3841
147.3,6159,-2.454e-07,3841
147.4,6159,-1.324e-07,3841
147.5,6159,-1.672e-08,3841
147.6,6159,1.011e-07,3841
147.7,6159,2.206e-07,3841
147.8,6159,3.413e-07,3841
147.9,6159,4.624e-07,3841
148,6159,5.835e-07,3841
148.1,6159,7.039e-07,3841
148.2,6159,8.229e-07,3841
148.3,6159,9.399e-07,3841
148.4,6159,1.054e-06,3841
148.5,6159,1.165e-06,3841
148.6,6159,1.271e-06,3841
148.7,6159,1.373e-06,3841
148.8,6159,1.468e-06,3841
148.9,6159,1.557e-06,3841
149,6159,1.638e-06,3841
149.1,6159,1.711e-06,3841
149.2,6159,1.774e-06,3841
149.3,6159,1.827e-06,3841
149.4,6159,1.868e-06,3841
149.5,6159,1.897e-06,3841
149.6,6159,1.913e-06,3841
149.7,6159,1.914e-06,3841
149.8,6159,1.9e-06,3841
149.9,6159,1.869e-06,3841
150,6159,1.82e-06,3841
150.1,6159,1.752e-06,3841
150.2,6159,1.668e-06,3841
150.3,6159,1.578e-06,3841
150.4,6159,1.485e-06,3841
150.5,6159,1.387e-06,3841
150.6,6159,1.288e-06,3841
150.7,6159,1.186e-06,3841
150.8,6159,1.083e-06,3841
150.9,6159,9.797e-07,3841
151,6159,8.767e-07,3841
151.1,6159,7.747e-07,3841
151.2,6159,6.743e-07,3841
151.3,6159,5.76e-07,3841
151.4,6159,4.805e-07,3841
151.5,6159,3.881e-07,3841
151.6,6159,2.995e-07,3841
151.7,6159,2.15e-07,3841
151.8,6159,1.351e-07,3841
151.9,6159,6.002e-08,3841
152,6159,-9.773e-09,3841
152.1,6159,-7.401e-08,3841
152.2,6159,-1.324e-07,3841
152.3,6159,-1.848e-07,3841
152.4,6159,-2.309e-07,3841
152.5,6159,-2.706e-07,3841
152.6,6159,-3.038e-07,3841
152.7,6159,-3.304e-07,3841
152.8,6159,-3.502e-07,3841
152.9,6159,-3.634e-07,3841
153,6159,-3.699e-07,3841
153.1,6159,-3.698e-07,3841
153.2,6159,-3.631e-07,3841
153.3,6159,-3.501e-07,3841
153.4,6159,-3.307e-07,3841
153.5,6159,-3.053e-07,3841
153.6,6159,-2.74e-07,3841
153.7,6159,-2.371e-07,3841
153.8,6159,-1.949e-07,3841
153.9,6159,-1.478e-07,3841
154,6159,-9.606e-08,3841
154.1,6159,-4.014e-08,3841
154.2,6159,1.953e-08,3841
154.3,6159,8.248e-08,3841
154.4,6159,1.482e-07,3841
154.5,6159,2.162e-07,3841
154.6,6159,2.858e-07,3841
154.7,6159,3.564e-07,3841
154.8,6159,4.275e-07,3841
154.9,6159,4.982e-07,3841
155,6159,5.679e-07,3841
155.1,6159,6.359e-07,3841
155.2,6159,7.013e-07,3841
155.3,6159,7.634e-07,3841
155.4,6159,8.212e-07,3841
155.5,6159,8.738e-07,3841
155.6,6159,9.204e-07,3841
155.7,6159,9.6e-07,3841
155.8,6159,9.916e-07,3841
155.9,6159,1.014e-06,3841
156,6159,1.026e-06,3841
156.1,6159,1.028e-06,3841
156.2,6159,1.016e-06,3841
156.3,6159,9.915e-07,3841
156.4,6159,9.52e-07,3841
156.5,6159,9.044e-07,3841
156.6,6159,8.542e-07,3841
156.7,6159,8.017e-07,3841
156.8,6159,7.475e-07,3841
156.9,6159,6.919e-07,3841
157,6159,6.354e-07,3841
157.1,6159,5.785e-07,3841
157.2,6159,5.215e-07,3841
157.3,6159,4.648e-07,3841
157.4,6159,4.088e-07,3841
157.5,6159,3.537e-07,3841
157.6,6159,2.999e-07,3841
157.7,6159,2.477e-07,3841
157.8,6159,1.974e-07,3841
157.9,6159,1.492e-07,3841
158,6159,1.034e-07,3841
158.1,6159,6.013e-08,3841
158.2,6159,1.966e-08,3841
158.3,6159,-1.785e-08,3841
158.4,6159,-5.223e-08,3841
158.5,6159,-8.336e-08,3841
158.6,6159,-1.111e-07,3841
158.7,6159,-1.354e-07,3841
158.8,6159,-1.561e-07,3841
158.9,6159,-1.732e-07,3841
159,6159,-1.866e-07,3841
159.1,6159,-1.963e-07,3841
159.2,6159,-2.023e-07,3841
159.3,6159,-2.047e-07,3841
159.4,6159,-2.034e-07,3841
159.5,6159,-1.985e-07,3841
159.6,6159,-1.9e-07,3841
159.7,6159,-1.782e-07,3841
159.8,6159,-1.63e-07,3841
159.9,6159,-1.447e-07,3841
160,6159,-1.233e-07,3841
160.1,6159,-9.905e-08,3841
160.2,6159,-7.214e-08,3841
160.3,6159,-4.276e-08,3841
160.4,6159,-1.115e-08,3841
160.5,6159,2.245e-08,3841
160.6,6159,5.776e-08,3841
160.7,6159,9.451e-08,3841
160.8,6159,1.324e-07,3841
160.9,6159,1.711e-07,3841
161,6159,2.102e-07,3841
161.1,6159,2.494e-07,3841
161.2,6159,2.883e-07,3841
161.3,6159,3.265e-07,3841
161.4,6159,3.636e-07,3841
161.5,6159,3.992e-07,3841
161.6,6159,4.327e-07,3841
161.7,6159,4.637e-07,3841
161.8,6159,4.917e-07,3841
161.9,6159,5.162e-07,3841
162,6159,5.366e-07,3841
162.1,6159,5.524e-07,3841
162.2,6159,5.629e-07,3841
162.3,6159,5.677e-07,3841
162.4,6159,5.661e-07,3841
162.5,6159,5.574e-07,3841
162.6,6159,5.41e-07,3841
162.7,6159,5.166e-07,3841
162.8,6159,4.874e-07,3841
162.9,6159,4.544e-07,3841
163,6159,4.182e-07,3841
163.1,6159,3.791e-07,3841
163.2,6159,3.376e-07,3841
163.3,6159,2.941e-07,3841
163.4,6159,2.491e-07,3841
163.5,6159,2.03e-07,3841
163.6,6159,1.56e-07,3841
163.7,6159,1.086e-07,3841
163.8,6159,6.12e-08,3841
163.9,6159,1.402e-08,3841
164,6159,-3.259e-08,3841
164.1,6159,-7.832e-08,3841
164.2,6159,-1.229e-07,3841
164.3,6159,-1.66e-07,3841
164.4,6159,-2.075e-07,3841
164.5,6159,-2.471e-07,3841
164.6,6159,-2.845e-07,3841
164.7,6159,-3.196e-07,3841
164.8,6159,-3.522e-07,3841
164.9,6159,-3.821e-07,3841
165,6159,-4.091e-07,3841
165.1,6159,-4.331e-07,3841
165.2,6159,-4.54e-07,3841
165.3,6159,-4.717e-07,3841
165.4,6159,-4.861e-07,3841
165.5,6159,-4.971e-07,3841
165.6,6159,-5.046e-07,3841
165.7,6159,-5.087e-07,3841
165.8,6159,-5.092e-07,3841
165.9,6159,-5.061e-07,3841
166,6159,-4.996e-07,3841
166.1,6159,-4.895e-07,3841
166.2,6159,-4.759e-07,3841
166.3,6159,-4.589e-07,3841
166.4,6159,-4.385e-07,3841
166.5,6159,-4.148e-07,3841
166.6,6159,-3.88e-07,3841
166.7,6159,-3.581e-07,3841
166.8,6159,-3.252e-07,3841
166.9,6159,-2.896e-07,3841
167,6159,-2.513e-07,3841
167.1,6159,-2.105e-07,3841
167.2,6159,-1.675e-07,3841
167.3,6159,-1.225e-07,3841
167.4,6159,-7.557e-08,3841
167.5,6159,-2.709e-08,3841
167.6,6159,2.271e-08,3841
167.7,6159,7.357e-08,3841
167.8,6159,1.252e-07,3841
167.9,6159,1.773e-07,3841
168,6159,2.295e-07,3841
168.1,6159,2.815e-07,3841
168.2,6159,3.33e-07,3841
168.3,6159,3.836e-07,3841
168.4,6159,4.329e-07,3841
168.5,6159,4.804e-07,3841
168.6,6159,5.259e-07,3841
168.7,6159,5.688e-07,3841
168.8,6159,6.087e-07,3841
168.9,6159,6.451e-07,3841
169,6159,6.776e-07,3841
169.1,6159,7.056e-07,3841
169.2,6159,7.287e-07,3841
169.3,6159,7.464e-07,3841
169.4,6159,7.58e-07,3841
169.5,6159,7.63e-07,3841
169.6,6159,7.608e-07,3841
169.7,6159,7.51e-07,3841
169.8,6159,7.327e-07,3841
169.9,6159,7.055e-07,3841
170,6159,6.722e-07,3841
170.1,6159,6.389e-07,3841
170.2,6159,6.057e-07,3841
170.3,6159,5.729e-07,3841
170.4,6159,5.406e-07,3841
170.5,6159,5.089e-07,3841
170.6,6159,4.778e-07,3841
170.7,6159,4.476e-07,3841
170.8,6159,4.184e-07,3841
170.9,6159,3.901e-07,3841
171,6159,3.63e-07,3841
171.1,6159,3.37e-07,3841
171.2,6159,3.122e-07,3841
171.3,6159,2.888e-07,3841
171.4,6159,2.667e-07,3841
171.5,6159,2.46e-07,3841
171.6,6159,2.268e-07,3841
171.7,6159,2.09e-07,3841
171.8,6159,1.927e-07,3841
171.9,6159,1.778e-07,3841
172,6159,1.645e-07,3841
172.1,6159,1.527e-07,3841
172.2,6159,1.423e-07,3841
172.3,6159,1.335e-07,3841
172.4,6159,1.26e-07,3841
172.5,6159,1.199e-07,3841
172.6,6159,1.152e-07,3841
172.7,6159,1.118e-07,3841
172.8,6159,1.097e-07,3841
172.9,6159,1.087e-07,3841
173,6159,1.088e-07,3841
173.1,6159,1.099e-07,3841
173.2,6159,1.12e-07,3841
173.3,6159,1.148e-07,3841
173.4,6159,1.184e-07,3841
173.5,6159,1.226e-07,3841
173.6,6159,1.272e-07,3841
173.7,6159,1.322e-07,3841
173.8,6159,1.374e-07,3841
173.9,6159,1.427e-07,3841
174,6159,1.478e-07,3841
174.1,6159,1.527e-07,3841
174.2,6159,1.571e-07,3841
174.3,6159,1.61e-07,3841
174.4,6159,1.64e-07,3841
174.5,6159,1.66e-07,3841
174.6,6159,1.668e-07,3841
174.7,6159,1.662e-07,3841
174.8,6159,1.64e-07,3841
174.9,6159,1.599e-07,3841
