S,I,R
0.9884999999999998,0.011399999999999997,0.0001
0.9869,0.0129,0.0002
0.9847000000000001,0.014700000000000001,0.0006000000000000001
0.983,0.0161,0.0009000000000000001
0.9808,0.0183,0.0009000000000000001
0.9782,0.0208,0.0010000000000000002
0.9757000000000001,0.0232,0.0010999999999999998
0.9715999999999999,0.027200000000000002,0.0012000000000000001
0.9671,0.03150000000000001,0.0014000000000000002
0.9616999999999999,0.03649999999999999,0.0018000000000000002
0.9568999999999999,0.0411,0.0020000000000000005
0.9511000000000001,0.046799999999999994,0.0021000000000000003
0.9446000000000001,0.053000000000000005,0.0024000000000000002
0.9366000000000001,0.0607,0.0027
0.9287000000000001,0.06829999999999999,0.003
0.9193999999999999,0.0771,0.0035000000000000005
0.9075999999999999,0.08839999999999999,0.004
0.8950000000000001,0.1006,0.0044
0.8794000000000001,0.1156,0.005
0.8625,0.1319,0.005599999999999999
0.843,0.1508,0.006200000000000001
0.8207000000000001,0.1724,0.006900000000000001
0.8004,0.1912,0.008400000000000001
0.7766,0.21389999999999998,0.009499999999999998
0.7494,0.23970000000000002,0.0109
0.7241000000000002,0.2638,0.0121
0.6959,0.291,0.0131
0.6651,0.32080000000000003,0.014100000000000001
0.6336,0.35029999999999994,0.0161
0.6001000000000001,0.38130000000000003,0.018600000000000002
0.5683,0.4109,0.0208
0.5321,0.4449000000000001,0.023
0.49399999999999994,0.48030000000000006,0.0257
0.4574,0.5136,0.029000000000000005
0.42359999999999987,0.5444,0.032
0.39099999999999996,0.5731,0.0359
0.3554,0.6041000000000001,0.040499999999999994
0.32449999999999996,0.6303,0.04519999999999999
0.2909,0.6593,0.0498
0.26139999999999997,0.6839999999999999,0.0546
0.23489999999999997,0.7060000000000001,0.05910000000000001
0.2089,0.7275,0.06360000000000002
0.18560000000000001,0.7474000000000001,0.06699999999999999
0.1672,0.7618000000000001,0.071
0.1477,0.7756000000000001,0.07669999999999998
0.1315,0.7858,0.08269999999999998
0.11639999999999999,0.7966,0.08699999999999998
0.10229999999999999,0.8054,0.09229999999999998
0.0897,0.8122,0.09809999999999999
0.0786,0.8182,0.1032
0.0684,0.8230999999999999,0.1085
0.06050000000000001,0.8263999999999999,0.1131
0.0524,0.8288999999999997,0.11869999999999999
0.045200000000000004,0.8314,0.1234
0.0388,0.8327,0.1285
0.0343,0.8325000000000001,0.1332
0.029400000000000003,0.8329000000000001,0.1377
0.0261,0.8324,0.14150000000000001
0.023,0.8305,0.1465
0.0195,0.8297000000000001,0.1508
0.016999999999999998,0.827,0.15599999999999997
0.0152,0.8243,0.16049999999999998
0.013600000000000001,0.821,0.16540000000000002
0.012199999999999999,0.8179000000000001,0.1699
0.010700000000000001,0.8136000000000001,0.17570000000000002
0.009600000000000001,0.8089999999999999,0.18139999999999998
0.008500000000000002,0.8053999999999999,0.1861
0.008000000000000002,0.8009999999999999,0.19099999999999998
0.007200000000000002,0.798,0.19480000000000003
0.0065000000000000014,0.7929000000000002,0.20060000000000003
0.0054,0.7889999999999999,0.2056
0.005000000000000001,0.783,0.21199999999999997
0.0045000000000000005,0.7788,0.21669999999999998
0.0042,0.7746999999999999,0.22110000000000002
0.0033,0.7712,0.22550000000000003
0.0029000000000000002,0.7673000000000001,0.2298
0.0028,0.7636000000000001,0.23360000000000003
0.0024999999999999996,0.7590999999999999,0.23840000000000003
0.0024000000000000002,0.754,0.24360000000000004
0.0021000000000000003,0.7491,0.2488
0.002,0.745,0.253
0.0018000000000000002,0.7398999999999999,0.25830000000000003
0.0016,0.7351,0.2633
0.0015,0.7313,0.2672
0.0013999999999999998,0.7276,0.271
0.0013999999999999998,0.7232000000000001,0.2754
0.0013000000000000002,0.7186999999999999,0.28
0.0012000000000000001,0.7140000000000001,0.2848
0.0010999999999999998,0.7094999999999999,0.2894
0.001,0.7051999999999999,0.2938
0.0009000000000000001,0.7013,0.29779999999999995
0.0009000000000000001,0.6984,0.3007
0.0009000000000000001,0.6933,0.30579999999999996
0.0008,0.6887,0.3105
0.0007,0.6842,0.3151
0.0005,0.6797,0.3198
0.00030000000000000003,0.6748999999999999,0.32480000000000003
0.00030000000000000003,0.6693,0.33039999999999997
0.00030000000000000003,0.6645000000000001,0.3352
0.0002,0.6592000000000001,0.34059999999999996
0.0002,0.6551,0.34470000000000006
0.0002,0.65,0.3498
0.0002,0.6461,0.3537
0.0002,0.6423,0.35750000000000004
0.0002,0.6392,0.3606000000000001
0.0002,0.634,0.3658
0.0002,0.6305000000000001,0.36929999999999996
0.0002,0.626,0.3738
0.0002,0.6228000000000001,0.377
0.0002,0.6197999999999999,0.37999999999999995
0.0002,0.6161000000000001,0.38370000000000004
0.0002,0.6121,0.38770000000000004
0.0002,0.608,0.39180000000000004
0.0002,0.6051,0.3947
0.0002,0.6019,0.3979000000000001
0.0001,0.5978,0.4021
0.0001,0.5946,0.4053
0.0001,0.5905,0.40940000000000004
0.0001,0.587,0.41289999999999993
0.0001,0.5828000000000001,0.4171
0.0001,0.5799,0.42000000000000004
0.0001,0.5763999999999999,0.42350000000000004
0.0001,0.5730000000000001,0.4269
0.0001,0.5696000000000001,0.4303
0.0001,0.5668,0.43310000000000004
0.0001,0.5626999999999999,0.4372
0.0001,0.5589999999999999,0.44089999999999996
0.0001,0.5553999999999999,0.4445
0.0001,0.5527999999999998,0.4471
0.0001,0.549,0.4509
0.0001,0.5458000000000001,0.45409999999999995
0.0001,0.5425,0.4574
0.0001,0.5394000000000001,0.46049999999999996
0.0001,0.5365,0.46340000000000003
0.0001,0.5329,0.46699999999999997
0.0001,0.5307999999999999,0.46909999999999996
0.0001,0.5272,0.4727
0.0001,0.5239,0.476
0.0001,0.5212,0.4787
0.0001,0.5181,0.48179999999999995
0.0001,0.5157,0.4842000000000001
0.0001,0.5123,0.48760000000000003
0.0001,0.5092000000000001,0.4906999999999999
0.0001,0.5064,0.49349999999999994
0.0001,0.5041,0.4958
0.0001,0.5005,0.49940000000000007
0.0001,0.4967999999999999,0.5031
0.0,0.4941000000000001,0.5058999999999999
0.0,0.4904,0.5096
0.0,0.48819999999999986,0.5117999999999999
0.0,0.48529999999999995,0.5147000000000002
0.0,0.48230000000000006,0.5176999999999999
0.0,0.4789,0.5211
0.0,0.4758,0.5242
0.0,0.47379999999999994,0.5262
0.0,0.4715000000000001,0.5285
0.0,0.4697,0.5303
0.0,0.4673,0.5327
0.0,0.4641,0.5359
0.0,0.4612,0.5388000000000001
0.0,0.4593999999999999,0.5406
0.0,0.457,0.5429999999999999
0.0,0.4547,0.5453
0.0,0.4513999999999999,0.5486000000000001
0.0,0.4487000000000001,0.5513
0.0,0.44559999999999994,0.5544
0.0,0.4431,0.5569000000000001
0.0,0.44089999999999996,0.5591
0.0,0.43810000000000004,0.5619
0.0,0.43529999999999996,0.5647000000000001
0.0,0.4328,0.5671999999999999
0.0,0.43,0.5700000000000001
0.0,0.42700000000000005,0.5730000000000001
0.0,0.4233999999999999,0.5766
0.0,0.4210999999999999,0.5789
0.0,0.41839999999999994,0.5816000000000001
0.0,0.4162,0.5838
0.0,0.4138,0.5862
0.0,0.4114,0.5885999999999999
0.0,0.4083,0.5917
0.0,0.40569999999999995,0.5943
0.0,0.40279999999999994,0.5972
0.0,0.40009999999999996,0.5999
0.0,0.3975,0.6024999999999998
0.0,0.3954,0.6046
0.0,0.393,0.607
0.0,0.3898,0.6102
0.0,0.38649999999999995,0.6135
0.0,0.3841,0.6159
0.0,0.38009999999999994,0.6199
0.0,0.378,0.622
0.0,0.3758,0.6241999999999999
0.0,0.3739,0.6261
0.0,0.37179999999999996,0.6282
0.0,0.3701,0.6298999999999999
0.0,0.36769999999999997,0.6323
0.0,0.3643,0.6357000000000002
0.0,0.36239999999999994,0.6376000000000001
0.0,0.3599,0.6401
0.0,0.35739999999999994,0.6426000000000001
0.0,0.3556,0.6444
0.0,0.35330000000000006,0.6466999999999999
0.0,0.35200000000000004,0.6480000000000001
0.0,0.3496,0.6504
0.0,0.3483,0.6517000000000002
0.0,0.34550000000000003,0.6545000000000001
0.0,0.344,0.6559999999999999
0.0,0.3416,0.6584000000000001
0.0,0.33929999999999993,0.6607000000000001
0.0,0.33620000000000005,0.6638000000000001
0.0,0.33449999999999996,0.6655
0.0,0.33280000000000004,0.6672
0.0,0.33039999999999997,0.6696
0.0,0.3287,0.6713
0.0,0.327,0.673
0.0,0.32520000000000004,0.6747999999999998
0.0,0.32349999999999995,0.6765000000000001
0.0,0.3216,0.6784000000000001
0.0,0.3191,0.6809
0.0,0.3175,0.6825
0.0,0.31520000000000004,0.6848
0.0,0.3134,0.6865999999999999
0.0,0.3115,0.6885
0.0,0.3098,0.6902
0.0,0.30799999999999994,0.692
0.0,0.3068,0.6931999999999999
0.0,0.3053,0.6946999999999999
0.0,0.30399999999999994,0.696
0.0,0.30229999999999996,0.6977
0.0,0.29989999999999994,0.7001
0.0,0.2984,0.7015999999999998
0.0,0.2964,0.7036
0.0,0.2942,0.7058
0.0,0.29159999999999997,0.7083999999999999
0.0,0.28900000000000003,0.711
0.0,0.28740000000000004,0.7126
0.0,0.286,0.714
0.0,0.28419999999999995,0.7158
0.0,0.28270000000000006,0.7173
0.0,0.2807,0.7192999999999999
0.0,0.2794,0.7205999999999999
0.0,0.2777,0.7222999999999999
0.0,0.2761,0.7239
0.0,0.2746,0.7253999999999998
0.0,0.2728,0.7272000000000001
0.0,0.27149999999999996,0.7284999999999999
0.0,0.2701,0.7299
0.0,0.269,0.731
0.0,0.2672,0.7327999999999999
0.0,0.2656,0.7343999999999999
0.0,0.2636,0.7363999999999999
0.0,0.2623,0.7377
0.0,0.2609,0.7390999999999999
0.0,0.2595,0.7404999999999999
0.0,0.25870000000000004,0.7413000000000001
0.0,0.2571,0.7429
0.0,0.2553,0.7447000000000001
0.0,0.25379999999999997,0.7462000000000001
0.0,0.25250000000000006,0.7475000000000002
0.0,0.2511,0.7489000000000001
0.0,0.2492,0.7508
0.0,0.2468,0.7531999999999999
0.0,0.24599999999999994,0.7539999999999999
0.0,0.24450000000000002,0.7555
0.0,0.24369999999999997,0.7563
0.0,0.2427,0.7573
0.0,0.24159999999999998,0.7584
0.0,0.23950000000000005,0.7605
0.0,0.2379,0.7621
0.0,0.2366,0.7634000000000001
0.0,0.2358,0.7642
0.0,0.23410000000000003,0.7659
0.0,0.2324,0.7676000000000001
0.0,0.231,0.769
0.0,0.2299,0.7701
0.0,0.2287,0.7712999999999999
0.0,0.2279,0.7721
0.0,0.2264,0.7736000000000001
0.0,0.22470000000000004,0.7753
0.0,0.22350000000000003,0.7765000000000001
0.0,0.2225,0.7775000000000001
0.0,0.2206,0.7794000000000001
0.0,0.2191,0.7809
0.0,0.21810000000000002,0.7819
0.0,0.21670000000000003,0.7833
0.0,0.2152,0.7847999999999999
0.0,0.21400000000000002,0.786
0.0,0.2131,0.7868999999999999
0.0,0.211,0.7889999999999999
0.0,0.2096,0.7904000000000001
0.0,0.2082,0.7918000000000001
0.0,0.20720000000000005,0.7928
0.0,0.20610000000000003,0.7939
0.0,0.20459999999999998,0.7954
0.0,0.20350000000000001,0.7965000000000001
0.0,0.20259999999999997,0.7974
0.0,0.2017,0.7983
0.0,0.2011,0.7988999999999999
0.0,0.19970000000000002,0.8003
0.0,0.1986,0.8013999999999999
0.0,0.19720000000000001,0.8028000000000001
0.0,0.1956,0.8044
0.0,0.1949,0.8051
0.0,0.194,0.806
0.0,0.1924,0.8075999999999999
0.0,0.1912,0.8088
0.0,0.19010000000000002,0.8099000000000001
0.0,0.1889,0.8111
0.0,0.18750000000000003,0.8125
0.0,0.18640000000000004,0.8135999999999999
0.0,0.1853,0.8147
0.0,0.18409999999999999,0.8158999999999998
0.0,0.18249999999999997,0.8174999999999999
0.0,0.18140000000000003,0.8186
0.0,0.1796,0.8204
0.0,0.1782,0.8218
0.0,0.17750000000000002,0.8225
0.0,0.1764,0.8235999999999999
0.0,0.1758,0.8241999999999999
0.0,0.1752,0.8248
0.0,0.1739,0.8261000000000001
0.0,0.1728,0.8271999999999998
0.0,0.1719,0.8280999999999998
0.0,0.1708,0.8291999999999999
0.0,0.17009999999999997,0.8299000000000001
0.0,0.1693,0.8307
0.0,0.1688,0.8311999999999999
0.0,0.16749999999999998,0.8324999999999999
0.0,0.16660000000000003,0.8333999999999999
0.0,0.1658,0.8341999999999998
0.0,0.1641,0.8358999999999999
0.0,0.1631,0.8369
0.0,0.1623,0.8377000000000001
0.0,0.1616,0.8384
0.0,0.1609,0.8391000000000002
0.0,0.1598,0.8402
0.0,0.1591,0.8409000000000001
0.0,0.1584,0.8415999999999999
0.0,0.1577,0.8423
0.0,0.1566,0.8434000000000001
0.0,0.15519999999999998,0.8448
0.0,0.1539,0.8460999999999999
0.0,0.15299999999999997,0.8469999999999999
0.0,0.15259999999999999,0.8474
0.0,0.1518,0.8482000000000001
0.0,0.1507,0.8493
0.0,0.14999999999999997,0.85
0.0,0.149,0.851
0.0,0.1479,0.8520999999999999
0.0,0.1465,0.8534999999999998
0.0,0.14609999999999998,0.8539
0.0,0.14509999999999998,0.8549
0.0,0.14379999999999998,0.8562
0.0,0.14259999999999998,0.8573999999999999
0.0,0.1419,0.8581
0.0,0.1407,0.8593
0.0,0.1398,0.8602000000000001
0.0,0.1395,0.8604999999999998
0.0,0.13879999999999998,0.8611999999999999
0.0,0.1377,0.8623000000000001
0.0,0.1366,0.8634000000000001
0.0,0.13620000000000002,0.8638
0.0,0.13489999999999996,0.8651
0.0,0.1342,0.8658000000000001
0.0,0.1338,0.8661999999999999
0.0,0.133,0.867
0.0,0.13220000000000004,0.8678000000000001
0.0,0.1315,0.8684999999999998
0.0,0.13080000000000003,0.8692
0.0,0.13000000000000003,0.8700000000000001
0.0,0.12929999999999997,0.8707
0.0,0.12879999999999997,0.8711999999999998
0.0,0.1279,0.8721
0.0,0.1273,0.8727
0.0,0.12660000000000002,0.8734
0.0,0.1254,0.8746
0.0,0.1242,0.8757999999999999
0.0,0.1236,0.8764
0.0,0.1227,0.8773
0.0,0.12179999999999999,0.8782
0.0,0.121,0.8790000000000001
0.0,0.11989999999999998,0.8801
0.0,0.11939999999999999,0.8806
0.0,0.119,0.881
0.0,0.11840000000000002,0.8816
0.0,0.1176,0.8824
0.0,0.11729999999999999,0.8827
0.0,0.1167,0.8833
0.0,0.11580000000000001,0.8842000000000001
0.0,0.1147,0.8853000000000002
0.0,0.11399999999999999,0.8860000000000001
0.0,0.11380000000000001,0.8862
0.0,0.11299999999999999,0.8869999999999999
0.0,0.1122,0.8878
0.0,0.11129999999999998,0.8887
0.0,0.1103,0.8897
0.0,0.1096,0.8904
0.0,0.1089,0.8911
0.0,0.1085,0.8915000000000001
0.0,0.1076,0.8924
0.0,0.1071,0.8929
0.0,0.1062,0.8938
0.0,0.1055,0.8945000000000001
0.0,0.1049,0.8951
0.0,0.1045,0.8955000000000002
0.0,0.1041,0.8959000000000001
0.0,0.1036,0.8964000000000002
0.0,0.10289999999999999,0.8971
0.0,0.1024,0.8976000000000001
0.0,0.10169999999999998,0.8983000000000001
0.0,0.1011,0.8989
0.0,0.1006,0.8994
0.0,0.10029999999999999,0.8996999999999999
0.0,0.09949999999999999,0.9005000000000001
0.0,0.09919999999999998,0.9008
0.0,0.09829999999999998,0.9017
0.0,0.09799999999999999,0.9019999999999998
0.0,0.09719999999999998,0.9028000000000003
0.0,0.09639999999999999,0.9036
0.0,0.09599999999999999,0.9039999999999999
0.0,0.09539999999999998,0.9046
0.0,0.09459999999999999,0.9054
0.0,0.09379999999999998,0.9062000000000001
0.0,0.09329999999999998,0.9067000000000001
0.0,0.0925,0.9075000000000001
0.0,0.09209999999999999,0.9079
0.0,0.0914,0.9086000000000001
0.0,0.09079999999999999,0.9092
0.0,0.09029999999999999,0.9097
0.0,0.0899,0.9101000000000001
0.0,0.089,0.9110000000000001
0.0,0.08869999999999999,0.9113000000000001
0.0,0.08809999999999998,0.9118999999999999
0.0,0.0875,0.9125
0.0,0.08719999999999999,0.9128000000000001
0.0,0.08679999999999999,0.9132
0.0,0.0865,0.9135
0.0,0.08569999999999998,0.9143000000000001
0.0,0.08479999999999999,0.9152000000000001
0.0,0.08419999999999998,0.9158
0.0,0.08379999999999999,0.9161999999999999
0.0,0.08319999999999998,0.9168000000000001
0.0,0.08289999999999999,0.9171000000000001
0.0,0.08219999999999998,0.9178000000000001
0.0,0.08209999999999998,0.9179
0.0,0.08139999999999999,0.9186
0.0,0.0809,0.9191
0.0,0.0804,0.9196
0.0,0.08,0.9200000000000002
0.0,0.0799,0.9201
0.0,0.0793,0.9207000000000001
0.0,0.0789,0.9211000000000003
0.0,0.0786,0.9214
0.0,0.0781,0.9219000000000002
0.0,0.0776,0.9224
0.0,0.0774,0.9225999999999999
0.0,0.077,0.923
0.0,0.07629999999999999,0.9237
0.0,0.0759,0.9240999999999999
0.0,0.0757,0.9243
0.0,0.07559999999999999,0.9244
0.0,0.0747,0.9253
0.0,0.0744,0.9256
0.0,0.07409999999999999,0.9259000000000001
0.0,0.07349999999999998,0.9265000000000001
0.0,0.07269999999999999,0.9273
0.0,0.072,0.9280000000000003
0.0,0.0718,0.9282000000000001
0.0,0.0712,0.9288000000000002
0.0,0.0712,0.9288000000000002
0.0,0.0711,0.9289000000000002
0.0,0.0707,0.9293000000000001
0.0,0.06989999999999999,0.9301
0.0,0.06939999999999999,0.9306000000000003
0.0,0.06899999999999999,0.931
0.0,0.0687,0.9313
0.0,0.0682,0.9318
0.0,0.0676,0.9324
0.0,0.06709999999999999,0.9328999999999998
0.0,0.06649999999999999,0.9335000000000001
0.0,0.06599999999999999,0.9340000000000002
0.0,0.06559999999999999,0.9343999999999999
0.0,0.0651,0.9349000000000001
0.0,0.06470000000000001,0.9352999999999998
0.0,0.0637,0.9362999999999999
0.0,0.0633,0.9366999999999999
0.0,0.06319999999999999,0.9367999999999999
0.0,0.0628,0.9372
0.0,0.0625,0.9374999999999998
0.0,0.0619,0.9380999999999998
0.0,0.06119999999999999,0.9388
0.0,0.0607,0.9393
0.0,0.06059999999999999,0.9394
0.0,0.06019999999999999,0.9398
0.0,0.059899999999999995,0.9400999999999998
0.0,0.059799999999999985,0.9401999999999999
0.0,0.0593,0.9407
0.0,0.05899999999999998,0.9410000000000001
0.0,0.05839999999999999,0.9416
0.0,0.05839999999999999,0.9416
0.0,0.0581,0.9419000000000001
0.0,0.0581,0.9419000000000001
0.0,0.057699999999999994,0.9423
0.0,0.057699999999999994,0.9423
0.0,0.057499999999999996,0.9424999999999999
0.0,0.057399999999999986,0.9426
0.0,0.05719999999999999,0.9428000000000001
0.0,0.05689999999999999,0.9431
0.0,0.056600000000000004,0.9433999999999999
0.0,0.0563,0.9437
0.0,0.055700000000000006,0.9442999999999999
0.0,0.0553,0.9446999999999999
0.0,0.0546,0.9454
0.0,0.0543,0.9456999999999999
0.0,0.0539,0.9460999999999998
0.0,0.0536,0.9463999999999999
0.0,0.053000000000000005,0.9470000000000001
0.0,0.053000000000000005,0.9470000000000001
0.0,0.0524,0.9475999999999999
0.0,0.0518,0.9481999999999999
0.0,0.0517,0.9482999999999999
0.0,0.0513,0.9487
0.0,0.0508,0.9491999999999997
0.0,0.0505,0.9494999999999999
0.0,0.04989999999999999,0.9500999999999997
0.0,0.049699999999999994,0.9503
0.0,0.049499999999999995,0.9505000000000001
0.0,0.049199999999999994,0.9508000000000001
0.0,0.04869999999999999,0.9512999999999998
0.0,0.0482,0.9518000000000001
0.0,0.048,0.9520000000000002
0.0,0.0479,0.9521000000000001
0.0,0.047599999999999996,0.9524000000000001
0.0,0.0475,0.9525
0.0,0.047,0.953
0.0,0.0469,0.9530999999999998
0.0,0.046799999999999994,0.9531999999999998
0.0,0.0465,0.9535
0.0,0.045899999999999996,0.9540999999999998
0.0,0.045599999999999995,0.9544
0.0,0.045399999999999996,0.9545999999999999
0.0,0.045,0.9550000000000001
0.0,0.044599999999999994,0.9554
0.0,0.044399999999999995,0.9555999999999999
0.0,0.04409999999999999,0.9559000000000001
0.0,0.04379999999999999,0.9562000000000002
0.0,0.0435,0.9565000000000001
0.0,0.04329999999999999,0.9567
0.0,0.04309999999999999,0.9569000000000001
0.0,0.0427,0.9573
0.0,0.0421,0.9578999999999999
0.0,0.0418,0.9581999999999999
0.0,0.0416,0.9583999999999999
0.0,0.0411,0.9589000000000001
0.0,0.040799999999999996,0.9592
0.0,0.040799999999999996,0.9592
0.0,0.0407,0.9593000000000002
0.0,0.040299999999999996,0.9597
0.0,0.0401,0.9598999999999999
0.0,0.0399,0.9601000000000001
0.0,0.039799999999999995,0.9602
0.0,0.0397,0.9602999999999999
0.0,0.039599999999999996,0.9603999999999999
0.0,0.03949999999999999,0.9605
0.0,0.039299999999999995,0.9606999999999999
0.0,0.039099999999999996,0.9608999999999999
0.0,0.03899999999999999,0.9609999999999997
0.0,0.0384,0.9616
0.0,0.038299999999999994,0.9616999999999999
0.0,0.038299999999999994,0.9616999999999999
0.0,0.0382,0.9617999999999999
0.0,0.037899999999999996,0.9620999999999998
0.0,0.0377,0.9622999999999999
0.0,0.037599999999999995,0.9624
0.0,0.037599999999999995,0.9624
0.0,0.0372,0.9628
0.0,0.0371,0.9629
0.0,0.0366,0.9634
0.0,0.0363,0.9637
0.0,0.0361,0.9639
0.0,0.036,0.9640000000000001
0.0,0.0358,0.9642000000000002
0.0,0.0358,0.9642000000000002
0.0,0.035699999999999996,0.9643
0.0,0.0354,0.9645999999999999
0.0,0.0351,0.9648999999999999
0.0,0.034999999999999996,0.9650000000000001
0.0,0.0346,0.9654
0.0,0.0346,0.9654
0.0,0.0343,0.9656999999999998
0.0,0.0341,0.9659000000000001
0.0,0.033499999999999995,0.9665000000000001
0.0,0.03319999999999999,0.9667999999999999
0.0,0.03319999999999999,0.9667999999999999
0.0,0.032999999999999995,0.967
0.0,0.0329,0.9671000000000001
0.0,0.032799999999999996,0.9672000000000001
0.0,0.0326,0.9674000000000001
0.0,0.032499999999999994,0.9675
0.0,0.032499999999999994,0.9675
0.0,0.032499999999999994,0.9675
0.0,0.0324,0.9676
0.0,0.03219999999999999,0.9678000000000001
0.0,0.0321,0.9679
0.0,0.0321,0.9679
0.0,0.0321,0.9679
0.0,0.0317,0.9682999999999999
0.0,0.0315,0.9684999999999999
0.0,0.0313,0.9686999999999999
0.0,0.0312,0.9687999999999999
0.0,0.0306,0.9694
0.0,0.0306,0.9694
0.0,0.0303,0.9696999999999999
0.0,0.030199999999999998,0.9697999999999999
0.0,0.030000000000000006,0.97
0.0,0.029900000000000003,0.9700999999999999
0.0,0.029900000000000003,0.9700999999999999
0.0,0.029800000000000004,0.9702
0.0,0.029500000000000005,0.9705
0.0,0.029300000000000003,0.9706999999999999
0.0,0.029100000000000004,0.9708999999999998
0.0,0.029000000000000005,0.9709999999999999
0.0,0.028700000000000003,0.9712999999999999
0.0,0.028600000000000004,0.9713999999999998
0.0,0.028500000000000004,0.9715
0.0,0.028500000000000004,0.9715
0.0,0.028300000000000002,0.9716999999999999
0.0,0.028100000000000003,0.9719
0.0,0.027800000000000002,0.9721999999999997
0.0,0.027700000000000002,0.9722999999999999
0.0,0.0273,0.9726999999999999
0.0,0.027000000000000003,0.9729999999999999
0.0,0.0267,0.9733
0.0,0.0264,0.9736
0.0,0.0263,0.9737
0.0,0.0262,0.9738000000000001
0.0,0.0259,0.9741000000000002
0.0,0.0257,0.9743
0.0,0.0254,0.9746000000000002
0.0,0.0252,0.9748000000000001
0.0,0.0249,0.9751000000000001
0.0,0.024799999999999996,0.9752000000000001
0.0,0.024799999999999996,0.9752000000000001
0.0,0.0245,0.9754999999999999
0.0,0.0245,0.9754999999999999
0.0,0.0243,0.9757
0.0,0.023799999999999998,0.9762000000000001
0.0,0.0236,0.9763999999999999
0.0,0.0232,0.9767999999999999
0.0,0.022899999999999997,0.9770999999999999
0.0,0.022899999999999997,0.9770999999999999
0.0,0.022899999999999997,0.9770999999999999
0.0,0.022899999999999997,0.9770999999999999
0.0,0.022899999999999997,0.9770999999999999
0.0,0.022799999999999997,0.9772000000000001
0.0,0.022699999999999998,0.9773
0.0,0.0225,0.9774999999999998
0.0,0.022399999999999996,0.9776
0.0,0.0222,0.9777999999999999
0.0,0.022,0.9780000000000001
0.0,0.0219,0.9781000000000001
0.0,0.0218,0.9782
0.0,0.0216,0.9783999999999999
0.0,0.0215,0.9784999999999998
0.0,0.0215,0.9784999999999998
0.0,0.0213,0.9786999999999999
0.0,0.0213,0.9786999999999999
0.0,0.0213,0.9786999999999999
0.0,0.0213,0.9786999999999999
0.0,0.0212,0.9787999999999999
0.0,0.0211,0.9789
0.0,0.0207,0.9793
0.0,0.0206,0.9794
0.0,0.020499999999999997,0.9795
0.0,0.020499999999999997,0.9795
0.0,0.0203,0.9797
0.0,0.0202,0.9798
0.0,0.02,0.9800000000000001
0.0,0.02,0.9800000000000001
0.0,0.0198,0.9802
0.0,0.019700000000000002,0.9803000000000001
0.0,0.0195,0.9804999999999999
0.0,0.0193,0.9806999999999999
0.0,0.0191,0.9808999999999999
0.0,0.0191,0.9808999999999999
0.0,0.019,0.9809999999999999
0.0,0.0189,0.9811
0.0,0.0188,0.9812000000000001
0.0,0.0186,0.9814
0.0,0.0186,0.9814
0.0,0.0184,0.9815999999999999
0.0,0.0184,0.9815999999999999
0.0,0.0183,0.9817
0.0,0.0183,0.9817
0.0,0.0182,0.9817999999999998
0.0,0.0179,0.9821
0.0,0.0174,0.9825999999999999
0.0,0.0173,0.9827
0.0,0.016999999999999998,0.983
0.0,0.0169,0.9831
0.0,0.0168,0.9832000000000001
0.0,0.0168,0.9832000000000001
0.0,0.016599999999999997,0.9833999999999999
0.0,0.016499999999999997,0.9834999999999999
0.0,0.016499999999999997,0.9834999999999999
0.0,0.016399999999999998,0.9836
0.0,0.016399999999999998,0.9836
0.0,0.0162,0.9838000000000001
0.0,0.015999999999999997,0.9840000000000002
0.0,0.015899999999999997,0.9841000000000001
0.0,0.0157,0.9843
0.0,0.015499999999999996,0.9844999999999999
0.0,0.015499999999999996,0.9844999999999999
0.0,0.015299999999999998,0.9847000000000001
0.0,0.015199999999999997,0.9848000000000001
0.0,0.014899999999999997,0.9850999999999999
0.0,0.014799999999999997,0.9852000000000001
0.0,0.014500000000000002,0.9854999999999998
0.0,0.014400000000000001,0.9856
0.0,0.0142,0.9858
0.0,0.013900000000000001,0.9861000000000001
0.0,0.013900000000000001,0.9861000000000001
0.0,0.013900000000000001,0.9861000000000001
0.0,0.013800000000000002,0.9862000000000002
0.0,0.0137,0.9863000000000002
0.0,0.0137,0.9863000000000002
0.0,0.0137,0.9863000000000002
0.0,0.0137,0.9863000000000002
0.0,0.013600000000000001,0.9864
0.0,0.013500000000000002,0.9865000000000002
0.0,0.0131,0.9869
0.0,0.013000000000000001,0.9870000000000001
0.0,0.013000000000000001,0.9870000000000001
0.0,0.0128,0.9872000000000002
0.0,0.0127,0.9873000000000001
0.0,0.0127,0.9873000000000001
0.0,0.0127,0.9873000000000001
0.0,0.0127,0.9873000000000001
0.0,0.0125,0.9875000000000002
0.0,0.0124,0.9876000000000001
0.0,0.0124,0.9876000000000001
0.0,0.0124,0.9876000000000001
0.0,0.0123,0.9877000000000002
0.0,0.0123,0.9877000000000002
0.0,0.012199999999999999,0.9878000000000002
0.0,0.012199999999999999,0.9878000000000002
0.0,0.012199999999999999,0.9878000000000002
0.0,0.012100000000000001,0.9879000000000001
0.0,0.012,0.9880000000000001
0.0,0.0119,0.9881
0.0,0.011800000000000001,0.9882000000000002
0.0,0.0117,0.9883000000000001
0.0,0.011600000000000001,0.9884000000000002
0.0,0.0115,0.9885000000000002
0.0,0.0115,0.9885000000000002
0.0,0.0115,0.9885000000000002
0.0,0.0114,0.9886000000000001
0.0,0.0114,0.9886000000000001
0.0,0.0114,0.9886000000000001
0.0,0.011300000000000001,0.9887
0.0,0.011300000000000001,0.9887
0.0,0.0112,0.9888000000000001
0.0,0.0111,0.9889000000000001
0.0,0.0111,0.9889000000000001
0.0,0.0111,0.9889000000000001
0.0,0.0111,0.9889000000000001
0.0,0.0109,0.9891
0.0,0.0108,0.9892000000000001
0.0,0.0108,0.9892000000000001
0.0,0.0108,0.9892000000000001
0.0,0.0108,0.9892000000000001
0.0,0.010600000000000002,0.9894000000000001
0.0,0.010600000000000002,0.9894000000000001
0.0,0.010600000000000002,0.9894000000000001
0.0,0.010400000000000001,0.9896
0.0,0.0103,0.9897
0.0,0.0102,0.9898
0.0,0.01,0.99
0.0,0.0099,0.9901
0.0,0.0099,0.9901
0.0,0.0099,0.9901
0.0,0.0099,0.9901
0.0,0.0099,0.9901
0.0,0.0097,0.9903000000000001
0.0,0.0095,0.9905000000000002
0.0,0.0092,0.9907999999999999
0.0,0.0091,0.9909000000000001
0.0,0.0091,0.9909000000000001
0.0,0.0089,0.9911
0.0,0.0089,0.9911
0.0,0.0089,0.9911
0.0,0.0089,0.9911
0.0,0.008799999999999999,0.9911999999999999
0.0,0.0087,0.9913000000000001
0.0,0.0086,0.9914000000000002
0.0,0.0086,0.9914000000000002
0.0,0.0086,0.9914000000000002
0.0,0.0086,0.9914000000000002
0.0,0.0086,0.9914000000000002
0.0,0.008499999999999999,0.9914999999999999
0.0,0.008499999999999999,0.9914999999999999
0.0,0.008499999999999999,0.9914999999999999
0.0,0.008499999999999999,0.9914999999999999
0.0,0.0084,0.9916
0.0,0.0084,0.9916
0.0,0.0084,0.9916
0.0,0.0084,0.9916
0.0,0.008200000000000002,0.9917999999999999
0.0,0.008200000000000002,0.9917999999999999
0.0,0.008200000000000002,0.9917999999999999
0.0,0.008200000000000002,0.9917999999999999
0.0,0.008200000000000002,0.9917999999999999
0.0,0.008100000000000001,0.9919
0.0,0.008100000000000001,0.9919
0.0,0.008100000000000001,0.9919
0.0,0.008100000000000001,0.9919
0.0,0.008000000000000002,0.992
0.0,0.0079,0.9921
0.0,0.0079,0.9921
0.0,0.0079,0.9921
0.0,0.0079,0.9921
0.0,0.0079,0.9921
0.0,0.007800000000000001,0.9921999999999999
0.0,0.007800000000000001,0.9921999999999999
0.0,0.007800000000000001,0.9921999999999999
0.0,0.007800000000000001,0.9921999999999999
0.0,0.007800000000000001,0.9921999999999999
0.0,0.007800000000000001,0.9921999999999999
0.0,0.007800000000000001,0.9921999999999999
0.0,0.007800000000000001,0.9921999999999999
0.0,0.007800000000000001,0.9921999999999999
0.0,0.007800000000000001,0.9921999999999999
0.0,0.007600000000000001,0.9924
0.0,0.0075000000000000015,0.9924999999999999
0.0,0.007300000000000001,0.9926999999999999
0.0,0.007300000000000001,0.9926999999999999
0.0,0.007200000000000001,0.9927999999999999
0.0,0.0071,0.9928999999999999
0.0,0.0071,0.9928999999999999
0.0,0.0071,0.9928999999999999
0.0,0.007000000000000001,0.993
0.0,0.007000000000000001,0.993
0.0,0.006900000000000001,0.9930999999999999
0.0,0.006900000000000001,0.9930999999999999
0.0,0.006900000000000001,0.9930999999999999
0.0,0.0068000000000000005,0.9932000000000001
0.0,0.0068000000000000005,0.9932000000000001
0.0,0.0068000000000000005,0.9932000000000001
0.0,0.0068000000000000005,0.9932000000000001
0.0,0.0068000000000000005,0.9932000000000001
0.0,0.0068000000000000005,0.9932000000000001
0.0,0.0068000000000000005,0.9932000000000001
0.0,0.0068000000000000005,0.9932000000000001
0.0,0.0067,0.9933
0.0,0.0067,0.9933
0.0,0.0067,0.9933
0.0,0.0067,0.9933
0.0,0.0067,0.9933
0.0,0.0067,0.9933
0.0,0.0067,0.9933
0.0,0.0067,0.9933
0.0,0.0067,0.9933
0.0,0.0067,0.9933
0.0,0.0066,0.9934
0.0,0.0066,0.9934
0.0,0.0066,0.9934
0.0,0.0066,0.9934
0.0,0.0066,0.9934
0.0,0.0066,0.9934
0.0,0.0066,0.9934
0.0,0.0066,0.9934
0.0,0.0066,0.9934
0.0,0.006500000000000001,0.9935
0.0,0.0063,0.9936999999999999
0.0,0.0063,0.9936999999999999
0.0,0.0063,0.9936999999999999
0.0,0.0063,0.9936999999999999
0.0,0.0063,0.9936999999999999
0.0,0.0063,0.9936999999999999
0.0,0.0063,0.9936999999999999
0.0,0.0063,0.9936999999999999
0.0,0.0062,0.9937999999999999
0.0,0.0062,0.9937999999999999
0.0,0.006,0.994
0.0,0.0059,0.9940999999999999
0.0,0.0059,0.9940999999999999
0.0,0.0058,0.9942
0.0,0.0058,0.9942
0.0,0.005699999999999999,0.9943
0.0,0.005699999999999999,0.9943
0.0,0.005599999999999999,0.9944000000000001
0.0,0.005599999999999999,0.9944000000000001
0.0,0.005599999999999999,0.9944000000000001
0.0,0.005599999999999999,0.9944000000000001
0.0,0.005599999999999999,0.9944000000000001
0.0,0.005599999999999999,0.9944000000000001
0.0,0.0055,0.9944999999999998
0.0,0.0054,0.9945999999999999
0.0,0.005200000000000001,0.9947999999999999
0.0,0.005200000000000001,0.9947999999999999
0.0,0.005200000000000001,0.9947999999999999
0.0,0.005200000000000001,0.9947999999999999
0.0,0.005200000000000001,0.9947999999999999
0.0,0.005200000000000001,0.9947999999999999
0.0,0.005200000000000001,0.9947999999999999
0.0,0.005200000000000001,0.9947999999999999
0.0,0.005200000000000001,0.9947999999999999
0.0,0.0051,0.9949
0.0,0.0051,0.9949
0.0,0.005,0.9949999999999998
0.0,0.005,0.9949999999999998
0.0,0.005,0.9949999999999998
0.0,0.0048000000000000004,0.9951999999999999
0.0,0.0045,0.9955
0.0,0.0045,0.9955
0.0,0.0045,0.9955
0.0,0.0045,0.9955
0.0,0.0045,0.9955
0.0,0.004399999999999999,0.9955999999999999
0.0,0.004399999999999999,0.9955999999999999
0.0,0.004399999999999999,0.9955999999999999
0.0,0.004399999999999999,0.9955999999999999
0.0,0.004399999999999999,0.9955999999999999
0.0,0.004399999999999999,0.9955999999999999
0.0,0.004399999999999999,0.9955999999999999
0.0,0.004399999999999999,0.9955999999999999
0.0,0.004399999999999999,0.9955999999999999
0.0,0.004399999999999999,0.9955999999999999
0.0,0.004399999999999999,0.9955999999999999
0.0,0.004399999999999999,0.9955999999999999
0.0,0.004399999999999999,0.9955999999999999
0.0,0.004399999999999999,0.9955999999999999
0.0,0.004399999999999999,0.9955999999999999
0.0,0.004399999999999999,0.9955999999999999
0.0,0.004399999999999999,0.9955999999999999
0.0,0.004399999999999999,0.9955999999999999
0.0,0.004399999999999999,0.9955999999999999
0.0,0.004399999999999999,0.9955999999999999
0.0,0.004399999999999999,0.9955999999999999
0.0,0.004399999999999999,0.9955999999999999
0.0,0.0043,0.9956999999999999
0.0,0.0043,0.9956999999999999
0.0,0.0043,0.9956999999999999
0.0,0.0042,0.9958
0.0,0.0042,0.9958
0.0,0.0040999999999999995,0.9959000000000001
0.0,0.0040999999999999995,0.9959000000000001
0.0,0.003999999999999999,0.9960000000000001
0.0,0.003999999999999999,0.9960000000000001
0.0,0.003999999999999999,0.9960000000000001
0.0,0.003999999999999999,0.9960000000000001
0.0,0.003999999999999999,0.9960000000000001
0.0,0.003999999999999999,0.9960000000000001
0.0,0.003999999999999999,0.9960000000000001
0.0,0.003999999999999999,0.9960000000000001
0.0,0.003999999999999999,0.9960000000000001
0.0,0.003999999999999999,0.9960000000000001
0.0,0.003999999999999999,0.9960000000000001
0.0,0.003999999999999999,0.9960000000000001
0.0,0.003999999999999999,0.9960000000000001
0.0,0.003999999999999999,0.9960000000000001
0.0,0.003999999999999999,0.9960000000000001
0.0,0.003999999999999999,0.9960000000000001
0.0,0.0039000000000000007,0.9961
0.0,0.0039000000000000007,0.9961
0.0,0.0039000000000000007,0.9961
0.0,0.0038000000000000004,0.9962
0.0,0.0037000000000000006,0.9963
0.0,0.0036000000000000003,0.9963999999999998
0.0,0.0036000000000000003,0.9963999999999998
0.0,0.0036000000000000003,0.9963999999999998
0.0,0.0036000000000000003,0.9963999999999998
0.0,0.0036000000000000003,0.9963999999999998
0.0,0.0035000000000000005,0.9964999999999999
0.0,0.0035000000000000005,0.9964999999999999
0.0,0.0035000000000000005,0.9964999999999999
0.0,0.0034000000000000002,0.9965999999999999
0.0,0.0034000000000000002,0.9965999999999999
0.0,0.0034000000000000002,0.9965999999999999
0.0,0.0034000000000000002,0.9965999999999999
0.0,0.0034000000000000002,0.9965999999999999
0.0,0.0034000000000000002,0.9965999999999999
0.0,0.0034000000000000002,0.9965999999999999
0.0,0.0034000000000000002,0.9965999999999999
0.0,0.0034000000000000002,0.9965999999999999
0.0,0.0034000000000000002,0.9965999999999999
0.0,0.0034000000000000002,0.9965999999999999
0.0,0.0033,0.9966999999999999
0.0,0.0033,0.9966999999999999
0.0,0.0033,0.9966999999999999
0.0,0.0033,0.9966999999999999
0.0,0.0033,0.9966999999999999
0.0,0.0033,0.9966999999999999
0.0,0.0033,0.9966999999999999
0.0,0.0033,0.9966999999999999
0.0,0.0033,0.9966999999999999
0.0,0.0033,0.9966999999999999
0.0,0.0033,0.9966999999999999
0.0,0.0033,0.9966999999999999
0.0,0.0033,0.9966999999999999
0.0,0.0033,0.9966999999999999
0.0,0.0033,0.9966999999999999
0.0,0.0032,0.9968
0.0,0.0032,0.9968
0.0,0.0032,0.9968
0.0,0.0032,0.9968
0.0,0.0031,0.9968999999999999
0.0,0.0031,0.9968999999999999
0.0,0.0031,0.9968999999999999
0.0,0.0031,0.9968999999999999
0.0,0.003,0.9970000000000001
0.0,0.003,0.9970000000000001
0.0,0.0029,0.9971
0.0,0.0029,0.9971
0.0,0.0029,0.9971
0.0,0.0029,0.9971
0.0,0.0029,0.9971
0.0,0.0029,0.9971
0.0,0.0029,0.9971
0.0,0.0029,0.9971
0.0,0.0029,0.9971
0.0,0.0029,0.9971
0.0,0.0029,0.9971
0.0,0.0027999999999999995,0.9972
0.0,0.0027999999999999995,0.9972
0.0,0.0027999999999999995,0.9972
0.0,0.0027999999999999995,0.9972
0.0,0.0027999999999999995,0.9972
0.0,0.0025999999999999994,0.9974000000000001
0.0,0.0024999999999999996,0.9974999999999999
0.0,0.0024999999999999996,0.9974999999999999
0.0,0.0024999999999999996,0.9974999999999999
0.0,0.0024999999999999996,0.9974999999999999
0.0,0.0024999999999999996,0.9974999999999999
0.0,0.0024999999999999996,0.9974999999999999
0.0,0.0024999999999999996,0.9974999999999999
0.0,0.0024999999999999996,0.9974999999999999
0.0,0.0024999999999999996,0.9974999999999999
0.0,0.0024999999999999996,0.9974999999999999
0.0,0.0024999999999999996,0.9974999999999999
0.0,0.0024999999999999996,0.9974999999999999
0.0,0.0024999999999999996,0.9974999999999999
0.0,0.0024999999999999996,0.9974999999999999
0.0,0.0024999999999999996,0.9974999999999999
0.0,0.0024999999999999996,0.9974999999999999
0.0,0.0024999999999999996,0.9974999999999999
0.0,0.0024999999999999996,0.9974999999999999
0.0,0.0024999999999999996,0.9974999999999999
0.0,0.0024999999999999996,0.9974999999999999
0.0,0.0024999999999999996,0.9974999999999999
0.0,0.0024000000000000002,0.9976
0.0,0.0024000000000000002,0.9976
0.0,0.0024000000000000002,0.9976
0.0,0.0024000000000000002,0.9976
0.0,0.0024000000000000002,0.9976
0.0,0.0024000000000000002,0.9976
0.0,0.0024000000000000002,0.9976
0.0,0.0024000000000000002,0.9976
0.0,0.0023,0.9977
0.0,0.0023,0.9977
0.0,0.0023,0.9977
0.0,0.0023,0.9977
0.0,0.0023,0.9977
0.0,0.0023,0.9977
0.0,0.0023,0.9977
0.0,0.0023,0.9977
0.0,0.0021999999999999997,0.9978
0.0,0.0021999999999999997,0.9978
0.0,0.0021999999999999997,0.9978
0.0,0.0021999999999999997,0.9978
0.0,0.0021999999999999997,0.9978
0.0,0.0021999999999999997,0.9978
0.0,0.0021999999999999997,0.9978
0.0,0.0021999999999999997,0.9978
0.0,0.0021999999999999997,0.9978
0.0,0.0021999999999999997,0.9978
0.0,0.0021999999999999997,0.9978
0.0,0.0021999999999999997,0.9978
0.0,0.0021999999999999997,0.9978
0.0,0.0021999999999999997,0.9978
0.0,0.0021999999999999997,0.9978
0.0,0.0021,0.9978999999999999
0.0,0.0021,0.9978999999999999
0.0,0.0021,0.9978999999999999
0.0,0.0021,0.9978999999999999
0.0,0.0019999999999999996,0.9979999999999999
0.0,0.0019999999999999996,0.9979999999999999
0.0,0.0019999999999999996,0.9979999999999999
0.0,0.0019999999999999996,0.9979999999999999
0.0,0.0019999999999999996,0.9979999999999999
0.0,0.0019999999999999996,0.9979999999999999
0.0,0.0019999999999999996,0.9979999999999999
0.0,0.0019999999999999996,0.9979999999999999
0.0,0.0019999999999999996,0.9979999999999999
0.0,0.0019999999999999996,0.9979999999999999
0.0,0.0019999999999999996,0.9979999999999999
0.0,0.0019999999999999996,0.9979999999999999
0.0,0.0019999999999999996,0.9979999999999999
0.0,0.0019999999999999996,0.9979999999999999
0.0,0.0019999999999999996,0.9979999999999999
0.0,0.0019999999999999996,0.9979999999999999
0.0,0.0019999999999999996,0.9979999999999999
0.0,0.0019999999999999996,0.9979999999999999
0.0,0.0019999999999999996,0.9979999999999999
0.0,0.0019999999999999996,0.9979999999999999
0.0,0.0019999999999999996,0.9979999999999999
0.0,0.0019999999999999996,0.9979999999999999
0.0,0.0019999999999999996,0.9979999999999999
0.0,0.0019999999999999996,0.9979999999999999
0.0,0.0019999999999999996,0.9979999999999999
0.0,0.0019999999999999996,0.9979999999999999
0.0,0.0019000000000000002,0.9980999999999998
0.0,0.0019000000000000002,0.9980999999999998
0.0,0.0019000000000000002,0.9980999999999998
0.0,0.0019000000000000002,0.9980999999999998
0.0,0.0018000000000000002,0.9982
0.0,0.0018000000000000002,0.9982
0.0,0.0018000000000000002,0.9982
0.0,0.0018000000000000002,0.9982
0.0,0.0018000000000000002,0.9982
0.0,0.0018000000000000002,0.9982
0.0,0.0018000000000000002,0.9982
0.0,0.0018000000000000002,0.9982
0.0,0.0018000000000000002,0.9982
0.0,0.0017000000000000001,0.9982999999999999
0.0,0.0017000000000000001,0.9982999999999999
0.0,0.0017000000000000001,0.9982999999999999
0.0,0.0017000000000000001,0.9982999999999999
0.0,0.0017000000000000001,0.9982999999999999
0.0,0.0016000000000000003,0.9983999999999998
0.0,0.0016000000000000003,0.9983999999999998
0.0,0.0016000000000000003,0.9983999999999998
0.0,0.0016000000000000003,0.9983999999999998
0.0,0.0016000000000000003,0.9983999999999998
0.0,0.0016000000000000003,0.9983999999999998
0.0,0.0016000000000000003,0.9983999999999998
0.0,0.0016000000000000003,0.9983999999999998
0.0,0.0016000000000000003,0.9983999999999998
0.0,0.0016000000000000003,0.9983999999999998
0.0,0.0016000000000000003,0.9983999999999998
0.0,0.0016000000000000003,0.9983999999999998
0.0,0.0016000000000000003,0.9983999999999998
0.0,0.0016000000000000003,0.9983999999999998
0.0,0.0016000000000000003,0.9983999999999998
0.0,0.0015000000000000005,0.9984999999999999
0.0,0.0015000000000000005,0.9984999999999999
0.0,0.0015000000000000005,0.9984999999999999
0.0,0.0015000000000000005,0.9984999999999999
0.0,0.0014000000000000004,0.9985999999999999
0.0,0.0014000000000000004,0.9985999999999999
0.0,0.0013000000000000004,0.9987
0.0,0.0013000000000000004,0.9987
0.0,0.0013000000000000004,0.9987
0.0,0.0013000000000000004,0.9987
0.0,0.0013000000000000004,0.9987
0.0,0.0013000000000000004,0.9987
0.0,0.0013000000000000004,0.9987
0.0,0.0013000000000000004,0.9987
0.0,0.0013000000000000004,0.9987
0.0,0.0013000000000000004,0.9987
0.0,0.0013000000000000004,0.9987
0.0,0.0013000000000000004,0.9987
0.0,0.0013000000000000004,0.9987
0.0,0.0012000000000000003,0.9987999999999999
0.0,0.0012000000000000003,0.9987999999999999
0.0,0.0012000000000000003,0.9987999999999999
0.0,0.0012000000000000003,0.9987999999999999
0.0,0.0012000000000000003,0.9987999999999999
0.0,0.0012000000000000003,0.9987999999999999
0.0,0.0012000000000000003,0.9987999999999999
0.0,0.0012000000000000003,0.9987999999999999
0.0,0.0012000000000000003,0.9987999999999999
0.0,0.0012000000000000003,0.9987999999999999
0.0,0.0012000000000000003,0.9987999999999999
0.0,0.0012000000000000003,0.9987999999999999
0.0,0.0012000000000000003,0.9987999999999999
0.0,0.0012000000000000003,0.9987999999999999
0.0,0.0012000000000000003,0.9987999999999999
0.0,0.0012000000000000003,0.9987999999999999
0.0,0.0012000000000000003,0.9987999999999999
0.0,0.0012000000000000003,0.9987999999999999
0.0,0.0012000000000000003,0.9987999999999999
0.0,0.0012000000000000003,0.9987999999999999
0.0,0.0012000000000000003,0.9987999999999999
0.0,0.0012000000000000003,0.9987999999999999
0.0,0.0012000000000000003,0.9987999999999999
0.0,0.0012000000000000003,0.9987999999999999
0.0,0.0012000000000000003,0.9987999999999999
0.0,0.0012000000000000003,0.9987999999999999
0.0,0.0012000000000000003,0.9987999999999999
0.0,0.0012000000000000003,0.9987999999999999
0.0,0.0012000000000000003,0.9987999999999999
0.0,0.0011000000000000003,0.9988999999999999
0.0,0.0011000000000000003,0.9988999999999999
0.0,0.0011000000000000003,0.9988999999999999
0.0,0.0011000000000000003,0.9988999999999999
0.0,0.0011000000000000003,0.9988999999999999
0.0,0.0011000000000000003,0.9988999999999999
0.0,0.0011000000000000003,0.9988999999999999
0.0,0.0011000000000000003,0.9988999999999999
0.0,0.0011000000000000003,0.9988999999999999
0.0,0.0011000000000000003,0.9988999999999999
0.0,0.0011000000000000003,0.9988999999999999
0.0,0.0011000000000000003,0.9988999999999999
0.0,0.0011000000000000003,0.9988999999999999
0.0,0.0011000000000000003,0.9988999999999999
0.0,0.0011000000000000003,0.9988999999999999
0.0,0.0011000000000000003,0.9988999999999999
0.0,0.0011000000000000003,0.9988999999999999
0.0,0.0011000000000000003,0.9988999999999999
0.0,0.0011000000000000003,0.9988999999999999
0.0,0.0011000000000000003,0.9988999999999999
0.0,0.0011000000000000003,0.9988999999999999
0.0,0.0011000000000000003,0.9988999999999999
0.0,0.0011000000000000003,0.9988999999999999
0.0,0.0011000000000000003,0.9988999999999999
0.0,0.0011000000000000003,0.9988999999999999
0.0,0.0011000000000000003,0.9988999999999999
0.0,0.0011000000000000003,0.9988999999999999
0.0,0.0011000000000000003,0.9988999999999999
0.0,0.0011000000000000003,0.9988999999999999
0.0,0.0011000000000000003,0.9988999999999999
0.0,0.0011000000000000003,0.9988999999999999
0.0,0.0011000000000000003,0.9988999999999999
0.0,0.0011000000000000003,0.9988999999999999
0.0,0.0011000000000000003,0.9988999999999999
0.0,0.0011000000000000003,0.9988999999999999
0.0,0.0011000000000000003,0.9988999999999999
0.0,0.0011000000000000003,0.9988999999999999
0.0,0.0011000000000000003,0.9988999999999999
0.0,0.0011000000000000003,0.9988999999999999
0.0,0.0011000000000000003,0.9988999999999999
0.0,0.0010000000000000002,0.999
0.0,0.0010000000000000002,0.999
0.0,0.0010000000000000002,0.999
0.0,0.0009000000000000001,0.9991
0.0,0.0009000000000000001,0.9991
0.0,0.0009000000000000001,0.9991
0.0,0.0009000000000000001,0.9991
0.0,0.0009000000000000001,0.9991
0.0,0.0009000000000000001,0.9991
0.0,0.0009000000000000001,0.9991
0.0,0.0009000000000000001,0.9991
0.0,0.0009000000000000001,0.9991
0.0,0.0009000000000000001,0.9991
0.0,0.0009000000000000001,0.9991
0.0,0.0009000000000000001,0.9991
0.0,0.0009000000000000001,0.9991
0.0,0.0009000000000000001,0.9991
0.0,0.0009000000000000001,0.9991
0.0,0.0009000000000000001,0.9991
0.0,0.0009000000000000001,0.9991
0.0,0.0009000000000000001,0.9991
0.0,0.0009000000000000001,0.9991
0.0,0.0009000000000000001,0.9991
0.0,0.0009000000000000001,0.9991
0.0,0.0009000000000000001,0.9991
0.0,0.0009000000000000001,0.9991
0.0,0.0009000000000000001,0.9991
0.0,0.0009000000000000001,0.9991
0.0,0.0008,0.9992000000000001
0.0,0.0008,0.9992000000000001
0.0,0.0008,0.9992000000000001
0.0,0.0008,0.9992000000000001
0.0,0.0008,0.9992000000000001
0.0,0.0008,0.9992000000000001
0.0,0.0008,0.9992000000000001
0.0,0.0008,0.9992000000000001
0.0,0.0007,0.9993000000000001
0.0,0.0007,0.9993000000000001
0.0,0.0007,0.9993000000000001
0.0,0.0007,0.9993000000000001
0.0,0.0006000000000000001,0.9994
0.0,0.0006000000000000001,0.9994
0.0,0.0006000000000000001,0.9994
0.0,0.0006000000000000001,0.9994
0.0,0.0006000000000000001,0.9994
0.0,0.0006000000000000001,0.9994
0.0,0.0006000000000000001,0.9994
0.0,0.0006000000000000001,0.9994
0.0,0.0006000000000000001,0.9994
0.0,0.0006000000000000001,0.9994
0.0,0.0006000000000000001,0.9994
0.0,0.0006000000000000001,0.9994
0.0,0.0006000000000000001,0.9994
0.0,0.0006000000000000001,0.9994
0.0,0.0006000000000000001,0.9994
0.0,0.0006000000000000001,0.9994
0.0,0.0006000000000000001,0.9994
0.0,0.0006000000000000001,0.9994
0.0,0.0006000000000000001,0.9994
0.0,0.0006000000000000001,0.9994
0.0,0.0006000000000000001,0.9994
0.0,0.0006000000000000001,0.9994
0.0,0.0006000000000000001,0.9994
0.0,0.0006000000000000001,0.9994
0.0,0.0006000000000000001,0.9994
0.0,0.0006000000000000001,0.9994
0.0,0.0005,0.9995
0.0,0.0005,0.9995
0.0,0.0005,0.9995
0.0,0.0005,0.9995
0.0,0.0005,0.9995
0.0,0.0005,0.9995
0.0,0.0005,0.9995
0.0,0.0005,0.9995
0.0,0.0005,0.9995
0.0,0.0005,0.9995
0.0,0.0005,0.9995
0.0,0.0005,0.9995
0.0,0.0005,0.9995
0.0,0.0005,0.9995
0.0,0.0005,0.9995
0.0,0.0005,0.9995
0.0,0.0005,0.9995
0.0,0.0005,0.9995
0.0,0.0005,0.9995
0.0,0.0005,0.9995
0.0,0.0005,0.9995
0.0,0.0005,0.9995
0.0,0.0005,0.9995
0.0,0.0005,0.9995
0.0,0.0005,0.9995
0.0,0.0005,0.9995
0.0,0.0005,0.9995
0.0,0.0005,0.9995
0.0,0.0005,0.9995
0.0,0.0005,0.9995
0.0,0.0005,0.9995
0.0,0.0004,0.9996
0.0,0.00030000000000000003,0.9997
0.0,0.00030000000000000003,0.9997
0.0,0.00030000000000000003,0.9997
0.0,0.00030000000000000003,0.9997
0.0,0.00030000000000000003,0.9997
0.0,0.00030000000000000003,0.9997
0.0,0.00030000000000000003,0.9997
0.0,0.00030000000000000003,0.9997
0.0,0.00030000000000000003,0.9997
0.0,0.00030000000000000003,0.9997
0.0,0.00030000000000000003,0.9997
0.0,0.00030000000000000003,0.9997
0.0,0.00030000000000000003,0.9997
0.0,0.00030000000000000003,0.9997
0.0,0.00030000000000000003,0.9997
0.0,0.00030000000000000003,0.9997
0.0,0.00030000000000000003,0.9997
0.0,0.00030000000000000003,0.9997
0.0,0.00030000000000000003,0.9997
0.0,0.00030000000000000003,0.9997
0.0,0.00030000000000000003,0.9997
0.0,0.00030000000000000003,0.9997
0.0,0.00030000000000000003,0.9997
0.0,0.00030000000000000003,0.9997
0.0,0.00030000000000000003,0.9997
0.0,0.00030000000000000003,0.9997
0.0,0.00030000000000000003,0.9997
0.0,0.00030000000000000003,0.9997
0.0,0.00030000000000000003,0.9997
0.0,0.00030000000000000003,0.9997
0.0,0.00030000000000000003,0.9997
0.0,0.00030000000000000003,0.9997
0.0,0.00030000000000000003,0.9997
0.0,0.00030000000000000003,0.9997
0.0,0.00030000000000000003,0.9997
0.0,0.00030000000000000003,0.9997
0.0,0.00030000000000000003,0.9997
0.0,0.00030000000000000003,0.9997
0.0,0.00030000000000000003,0.9997
0.0,0.00030000000000000003,0.9997
0.0,0.00030000000000000003,0.9997
0.0,0.00030000000000000003,0.9997
0.0,0.00030000000000000003,0.9997
0.0,0.00030000000000000003,0.9997
0.0,0.00030000000000000003,0.9997
0.0,0.00030000000000000003,0.9997
0.0,0.00030000000000000003,0.9997
0.0,0.00030000000000000003,0.9997
0.0,0.00030000000000000003,0.9997
0.0,0.00030000000000000003,0.9997
0.0,0.00030000000000000003,0.9997
0.0,0.00030000000000000003,0.9997
0.0,0.00030000000000000003,0.9997
0.0,0.00030000000000000003,0.9997
0.0,0.00030000000000000003,0.9997
0.0,0.00030000000000000003,0.9997
0.0,0.00030000000000000003,0.9997
0.0,0.00030000000000000003,0.9997
0.0,0.00030000000000000003,0.9997
0.0,0.00030000000000000003,0.9997
0.0,0.00030000000000000003,0.9997
0.0,0.00030000000000000003,0.9997
0.0,0.00030000000000000003,0.9997
0.0,0.00030000000000000003,0.9997
0.0,0.00030000000000000003,0.9997
0.0,0.00030000000000000003,0.9997
0.0,0.00030000000000000003,0.9997
0.0,0.00030000000000000003,0.9997
0.0,0.00030000000000000003,0.9997
0.0,0.00030000000000000003,0.9997
0.0,0.00030000000000000003,0.9997
0.0,0.00030000000000000003,0.9997
0.0,0.00030000000000000003,0.9997
0.0,0.00030000000000000003,0.9997
0.0,0.00030000000000000003,0.9997
0.0,0.00030000000000000003,0.9997
0.0,0.00030000000000000003,0.9997
0.0,0.00030000000000000003,0.9997
0.0,0.00030000000000000003,0.9997
0.0,0.00030000000000000003,0.9997
0.0,0.00030000000000000003,0.9997
0.0,0.00030000000000000003,0.9997
0.0,0.00030000000000000003,0.9997
0.0,0.00030000000000000003,0.9997
0.0,0.00030000000000000003,0.9997
0.0,0.00030000000000000003,0.9997
0.0,0.00030000000000000003,0.9997
0.0,0.00030000000000000003,0.9997
0.0,0.00030000000000000003,0.9997
0.0,0.00030000000000000003,0.9997
0.0,0.00030000000000000003,0.9997
0.0,0.00030000000000000003,0.9997
0.0,0.00030000000000000003,0.9997
0.0,0.00030000000000000003,0.9997
0.0,0.00030000000000000003,0.9997
0.0,0.00030000000000000003,0.9997
0.0,0.00030000000000000003,0.9997
0.0,0.00030000000000000003,0.9997
0.0,0.00030000000000000003,0.9997
0.0,0.00030000000000000003,0.9997
0.0,0.00030000000000000003,0.9997
0.0,0.00030000000000000003,0.9997
0.0,0.00030000000000000003,0.9997
0.0,0.00030000000000000003,0.9997
0.0,0.00030000000000000003,0.9997
0.0,0.00030000000000000003,0.9997
0.0,0.00030000000000000003,0.9997
0.0,0.00030000000000000003,0.9997
0.0,0.00030000000000000003,0.9997
0.0,0.00030000000000000003,0.9997
0.0,0.00030000000000000003,0.9997
0.0,0.00030000000000000003,0.9997
0.0,0.00030000000000000003,0.9997
0.0,0.00030000000000000003,0.9997
0.0,0.00030000000000000003,0.9997
0.0,0.00030000000000000003,0.9997
0.0,0.00030000000000000003,0.9997
0.0,0.00030000000000000003,0.9997
0.0,0.00030000000000000003,0.9997
0.0,0.00030000000000000003,0.9997
0.0,0.00030000000000000003,0.9997
0.0,0.00030000000000000003,0.9997
0.0,0.00030000000000000003,0.9997
0.0,0.00030000000000000003,0.9997
0.0,0.00030000000000000003,0.9997
0.0,0.00030000000000000003,0.9997
0.0,0.0002,0.9998000000000001
0.0,0.0002,0.9998000000000001
0.0,0.0002,0.9998000000000001
0.0,0.0001,0.9999
0.0,0.0001,0.9999
0.0,0.0001,0.9999
0.0,0.0001,0.9999
0.0,0.0001,0.9999
0.0,0.0001,0.9999
0.0,0.0001,0.9999
0.0,0.0001,0.9999
0.0,0.0001,0.9999
0.0,0.0001,0.9999
0.0,0.0001,0.9999
0.0,0.0001,0.9999
0.0,0.0001,0.9999
0.0,0.0001,0.9999
0.0,0.0001,0.9999
0.0,0.0001,0.9999
0.0,0.0001,0.9999
0.0,0.0001,0.9999
0.0,0.0001,0.9999
0.0,0.0001,0.9999
0.0,0.0001,0.9999
0.0,0.0001,0.9999
0.0,0.0001,0.9999
0.0,0.0001,0.9999
0.0,0.0001,0.9999
0.0,0.0001,0.9999
0.0,0.0001,0.9999
0.0,0.0001,0.9999
0.0,0.0001,0.9999
0.0,0.0001,0.9999
0.0,0.0001,0.9999
0.0,0.0001,0.9999
0.0,0.0001,0.9999
0.0,0.0001,0.9999
0.0,0.0001,0.9999
0.0,0.0001,0.9999
0.0,0.0001,0.9999
0.0,0.0001,0.9999
0.0,0.0001,0.9999
0.0,0.0001,0.9999
0.0,0.0001,0.9999
0.0,0.0001,0.9999
0.0,0.0001,0.9999
0.0,0.0001,0.9999
0.0,0.0001,0.9999
0.0,0.0001,0.9999
0.0,0.0001,0.9999
0.0,0.0001,0.9999
0.0,0.0001,0.9999
0.0,0.0001,0.9999
0.0,0.0001,0.9999
0.0,0.0001,0.9999
0.0,0.0001,0.9999
0.0,0.0001,0.9999
0.0,0.0001,0.9999
0.0,0.0001,0.9999
0.0,0.0001,0.9999
0.0,0.0001,0.9999
0.0,0.0001,0.9999
0.0,0.0001,0.9999
0.0,0.0001,0.9999
0.0,0.0001,0.9999
0.0,0.0001,0.9999
0.0,0.0001,0.9999
0.0,0.0001,0.9999
0.0,0.0001,0.9999
0.0,0.0001,0.9999
0.0,0.0001,0.9999
0.0,0.0001,0.9999
0.0,0.0001,0.9999
0.0,0.0001,0.9999
0.0,0.0001,0.9999
0.0,0.0001,0.9999
0.0,0.0001,0.9999
0.0,0.0001,0.9999
0.0,0.0001,0.9999
0.0,0.0001,0.9999
0.0,0.0001,0.9999
0.0,0.0001,0.9999
0.0,0.0001,0.9999
0.0,0.0001,0.9999
0.0,0.0001,0.9999
0.0,0.0001,0.9999
0.0,0.0001,0.9999
0.0,0.0001,0.9999
0.0,0.0001,0.9999
0.0,0.0001,0.9999
0.0,0.0001,0.9999
0.0,0.0001,0.9999
0.0,0.0001,0.9999
0.0,0.0001,0.9999
0.0,0.0001,0.9999
0.0,0.0001,0.9999
0.0,0.0001,0.9999
0.0,0.0001,0.9999
0.0,0.0001,0.9999
0.0,0.0001,0.9999
0.0,0.0001,0.9999
0.0,0.0,1.0
0.0,0.0,1.0
0.0,0.0,1.0
0.0,0.0,1.0
0.0,0.0,1.0
0.0,0.0,1.0
0.0,0.0,1.0
0.0,0.0,1.0
0.0,0.0,1.0
0.0,0.0,1.0
0.0,0.0,1.0
0.0,0.0,1.0
0.0,0.0,1.0
0.0,0.0,1.0
0.0,0.0,1.0
0.0,0.0,1.0
0.0,0.0,1.0
0.0,0.0,1.0
0.0,0.0,1.0
0.0,0.0,1.0
0.0,0.0,1.0
0.0,0.0,1.0
0.0,0.0,1.0
0.0,0.0,1.0
0.0,0.0,1.0
0.0,0.0,1.0
0.0,0.0,1.0
0.0,0.0,1.0
0.0,0.0,1.0
0.0,0.0,1.0
0.0,0.0,1.0
0.0,0.0,1.0
0.0,0.0,1.0
0.0,0.0,1.0
0.0,0.0,1.0
0.0,0.0,1.0
0.0,0.0,1.0
0.0,0.0,1.0
0.0,0.0,1.0
0.0,0.0,1.0
0.0,0.0,1.0
0.0,0.0,1.0
0.0,0.0,1.0
0.0,0.0,1.0
0.0,0.0,1.0
0.0,0.0,1.0
0.0,0.0,1.0
0.0,0.0,1.0
0.0,0.0,1.0
0.0,0.0,1.0
0.0,0.0,1.0
0.0,0.0,1.0
0.0,0.0,1.0
0.0,0.0,1.0
0.0,0.0,1.0
0.0,0.0,1.0
0.0,0.0,1.0
0.0,0.0,1.0
0.0,0.0,1.0
0.0,0.0,1.0
0.0,0.0,1.0
0.0,0.0,1.0
0.0,0.0,1.0
0.0,0.0,1.0
0.0,0.0,1.0
0.0,0.0,1.0
0.0,0.0,1.0
0.0,0.0,1.0
0.0,0.0,1.0
0.0,0.0,1.0
0.0,0.0,1.0
0.0,0.0,1.0
0.0,0.0,1.0
0.0,0.0,1.0
0.0,0.0,1.0
0.0,0.0,1.0
0.0,0.0,1.0
0.0,0.0,1.0
0.0,0.0,1.0
0.0,0.0,1.0
0.0,0.0,1.0
0.0,0.0,1.0
0.0,0.0,1.0
0.0,0.0,1.0
0.0,0.0,1.0
0.0,0.0,1.0
0.0,0.0,1.0
0.0,0.0,1.0
0.0,0.0,1.0
0.0,0.0,1.0
0.0,0.0,1.0
0.0,0.0,1.0
0.0,0.0,1.0
0.0,0.0,1.0
0.0,0.0,1.0
0.0,0.0,1.0
0.0,0.0,1.0
0.0,0.0,1.0
0.0,0.0,1.0
0.0,0.0,1.0
0.0,0.0,1.0
0.0,0.0,1.0
0.0,0.0,1.0
0.0,0.0,1.0
0.0,0.0,1.0
0.0,0.0,1.0
0.0,0.0,1.0
0.0,0.0,1.0
0.0,0.0,1.0
0.0,0.0,1.0
0.0,0.0,1.0
0.0,0.0,1.0
0.0,0.0,1.0
0.0,0.0,1.0
0.0,0.0,1.0
0.0,0.0,1.0
0.0,0.0,1.0
0.0,0.0,1.0
0.0,0.0,1.0
0.0,0.0,1.0
0.0,0.0,1.0
0.0,0.0,1.0
0.0,0.0,1.0
0.0,0.0,1.0
0.0,0.0,1.0
0.0,0.0,1.0
0.0,0.0,1.0
0.0,0.0,1.0
0.0,0.0,1.0
0.0,0.0,1.0
0.0,0.0,1.0
0.0,0.0,1.0
0.0,0.0,1.0
0.0,0.0,1.0
0.0,0.0,1.0
0.0,0.0,1.0
0.0,0.0,1.0
0.0,0.0,1.0
0.0,0.0,1.0
0.0,0.0,1.0
0.0,0.0,1.0
0.0,0.0,1.0
0.0,0.0,1.0
0.0,0.0,1.0
0.0,0.0,1.0
0.0,0.0,1.0
0.0,0.0,1.0
0.0,0.0,1.0
0.0,0.0,1.0
0.0,0.0,1.0
0.0,0.0,1.0
0.0,0.0,1.0
0.0,0.0,1.0
0.0,0.0,1.0
0.0,0.0,1.0
0.0,0.0,1.0
0.0,0.0,1.0
0.0,0.0,1.0
0.0,0.0,1.0
0.0,0.0,1.0
0.0,0.0,1.0
0.0,0.0,1.0
0.0,0.0,1.0
0.0,0.0,1.0
0.0,0.0,1.0
0.0,0.0,1.0
0.0,0.0,1.0
0.0,0.0,1.0
0.0,0.0,1.0
0.0,0.0,1.0
0.0,0.0,1.0
0.0,0.0,1.0
0.0,0.0,1.0
0.0,0.0,1.0
0.0,0.0,1.0
0.0,0.0,1.0
0.0,0.0,1.0
0.0,0.0,1.0
0.0,0.0,1.0
0.0,0.0,1.0
0.0,0.0,1.0
0.0,0.0,1.0
0.0,0.0,1.0
0.0,0.0,1.0
0.0,0.0,1.0
0.0,0.0,1.0
0.0,0.0,1.0
0.0,0.0,1.0
0.0,0.0,1.0
0.0,0.0,1.0
0.0,0.0,1.0
0.0,0.0,1.0
0.0,0.0,1.0
0.0,0.0,1.0
0.0,0.0,1.0
0.0,0.0,1.0
0.0,0.0,1.0
0.0,0.0,1.0
0.0,0.0,1.0
0.0,0.0,1.0
0.0,0.0,1.0
0.0,0.0,1.0
0.0,0.0,1.0
0.0,0.0,1.0
0.0,0.0,1.0
0.0,0.0,1.0
0.0,0.0,1.0
0.0,0.0,1.0
0.0,0.0,1.0
0.0,0.0,1.0
0.0,0.0,1.0
0.0,0.0,1.0
0.0,0.0,1.0
0.0,0.0,1.0
0.0,0.0,1.0
0.0,0.0,1.0
0.0,0.0,1.0
0.0,0.0,1.0
0.0,0.0,1.0
0.0,0.0,1.0
0.0,0.0,1.0
0.0,0.0,1.0
0.0,0.0,1.0
0.0,0.0,1.0
0.0,0.0,1.0
0.0,0.0,1.0
0.0,0.0,1.0
0.0,0.0,1.0
0.0,0.0,1.0
0.0,0.0,1.0
0.0,0.0,1.0
0.0,0.0,1.0
0.0,0.0,1.0
0.0,0.0,1.0
0.0,0.0,1.0
0.0,0.0,1.0
0.0,0.0,1.0
0.0,0.0,1.0
0.0,0.0,1.0
0.0,0.0,1.0
0.0,0.0,1.0
0.0,0.0,1.0
0.0,0.0,1.0
0.0,0.0,1.0
0.0,0.0,1.0
0.0,0.0,1.0
0.0,0.0,1.0
0.0,0.0,1.0
0.0,0.0,1.0
0.0,0.0,1.0
0.0,0.0,1.0
0.0,0.0,1.0
0.0,0.0,1.0
0.0,0.0,1.0
0.0,0.0,1.0
0.0,0.0,1.0
0.0,0.0,1.0
0.0,0.0,1.0
0.0,0.0,1.0
0.0,0.0,1.0
0.0,0.0,1.0
0.0,0.0,1.0
0.0,0.0,1.0
0.0,0.0,1.0
0.0,0.0,1.0
0.0,0.0,1.0
0.0,0.0,1.0
0.0,0.0,1.0
0.0,0.0,1.0
0.0,0.0,1.0
0.0,0.0,1.0
0.0,0.0,1.0
0.0,0.0,1.0
0.0,0.0,1.0
0.0,0.0,1.0
0.0,0.0,1.0
0.0,0.0,1.0
0.0,0.0,1.0
0.0,0.0,1.0
0.0,0.0,1.0
0.0,0.0,1.0
0.0,0.0,1.0
0.0,0.0,1.0
0.0,0.0,1.0
0.0,0.0,1.0
0.0,0.0,1.0
0.0,0.0,1.0
0.0,0.0,1.0
0.0,0.0,1.0
0.0,0.0,1.0
0.0,0.0,1.0
0.0,0.0,1.0
0.0,0.0,1.0
0.0,0.0,1.0
0.0,0.0,1.0
0.0,0.0,1.0
0.0,0.0,1.0
0.0,0.0,1.0
0.0,0.0,1.0
0.0,0.0,1.0
0.0,0.0,1.0
0.0,0.0,1.0
0.0,0.0,1.0
0.0,0.0,1.0
0.0,0.0,1.0
0.0,0.0,1.0
0.0,0.0,1.0
0.0,0.0,1.0
0.0,0.0,1.0
0.0,0.0,1.0
0.0,0.0,1.0
0.0,0.0,1.0
0.0,0.0,1.0
0.0,0.0,1.0
0.0,0.0,1.0
0.0,0.0,1.0
0.0,0.0,1.0
0.0,0.0,1.0
0.0,0.0,1.0
0.0,0.0,1.0
0.0,0.0,1.0
0.0,0.0,1.0
0.0,0.0,1.0
0.0,0.0,1.0
0.0,0.0,1.0
0.0,0.0,1.0
0.0,0.0,1.0
0.0,0.0,1.0
0.0,0.0,1.0
0.0,0.0,1.0
0.0,0.0,1.0
0.0,0.0,1.0
0.0,0.0,1.0
0.0,0.0,1.0
0.0,0.0,1.0
0.0,0.0,1.0
0.0,0.0,1.0
0.0,0.0,1.0
0.0,0.0,1.0
0.0,0.0,1.0
0.0,0.0,1.0
0.0,0.0,1.0
0.0,0.0,1.0
0.0,0.0,1.0
0.0,0.0,1.0
0.0,0.0,1.0
0.0,0.0,1.0
0.0,0.0,1.0
0.0,0.0,1.0
0.0,0.0,1.0
0.0,0.0,1.0
0.0,0.0,1.0
0.0,0.0,1.0
0.0,0.0,1.0
0.0,0.0,1.0
0.0,0.0,1.0
0.0,0.0,1.0
0.0,0.0,1.0
0.0,0.0,1.0
0.0,0.0,1.0
0.0,0.0,1.0
0.0,0.0,1.0
0.0,0.0,1.0
0.0,0.0,1.0
0.0,0.0,1.0
0.0,0.0,1.0
0.0,0.0,1.0
0.0,0.0,1.0
0.0,0.0,1.0
0.0,0.0,1.0
0.0,0.0,1.0
0.0,0.0,1.0
0.0,0.0,1.0
0.0,0.0,1.0
0.0,0.0,1.0
0.0,0.0,1.0
0.0,0.0,1.0
0.0,0.0,1.0
0.0,0.0,1.0
0.0,0.0,1.0
0.0,0.0,1.0
0.0,0.0,1.0
0.0,0.0,1.0
0.0,0.0,1.0
0.0,0.0,1.0
0.0,0.0,1.0
0.0,0.0,1.0
0.0,0.0,1.0
0.0,0.0,1.0
0.0,0.0,1.0
0.0,0.0,1.0
0.0,0.0,1.0
0.0,0.0,1.0
0.0,0.0,1.0
0.0,0.0,1.0
0.0,0.0,1.0
0.0,0.0,1.0
0.0,0.0,1.0
0.0,0.0,1.0
0.0,0.0,1.0
0.0,0.0,1.0
0.0,0.0,1.0
0.0,0.0,1.0
0.0,0.0,1.0
0.0,0.0,1.0
0.0,0.0,1.0
0.0,0.0,1.0
0.0,0.0,1.0
0.0,0.0,1.0
0.0,0.0,1.0
0.0,0.0,1.0
0.0,0.0,1.0
0.0,0.0,1.0
0.0,0.0,1.0
0.0,0.0,1.0
0.0,0.0,1.0
0.0,0.0,1.0
0.0,0.0,1.0
0.0,0.0,1.0
0.0,0.0,1.0
0.0,0.0,1.0
0.0,0.0,1.0
0.0,0.0,1.0
0.0,0.0,1.0
0.0,0.0,1.0
0.0,0.0,1.0
0.0,0.0,1.0
0.0,0.0,1.0
0.0,0.0,1.0
0.0,0.0,1.0
0.0,0.0,1.0
0.0,0.0,1.0
0.0,0.0,1.0
0.0,0.0,1.0
0.0,0.0,1.0
0.0,0.0,1.0
0.0,0.0,1.0
0.0,0.0,1.0
0.0,0.0,1.0
0.0,0.0,1.0
0.0,0.0,1.0
0.0,0.0,1.0
0.0,0.0,1.0
